URL,CMS_Type
micensus.gov.in,Drupal
jharkhandhighcourt.nic.in,Drupal
www.keralapsc.gov.in,Drupal
rcmsmanipur.nic.in,Drupal
lddashboard.legislative.gov.in,WP
lddashboard.legislative.gov.in,WP
biharboardonline.bihar.gov.in,Drupal
culturedirectorate.kerala.gov.in,WP
josaa.nic.in,WP
lucknow.nic.in,WP
amravati.gov.in,WP
dcmsme.gov.in,Drupal
sagarmala.gov.in,Drupal
krishnanagarpd.wbpolice.gov.in,WP
nagaland.gov.in,Other CMS
tn.gov.in,Drupal
tourism.gov.in,Drupal
www.tnhealth.tn.gov.in,WP
neet.nta.nic.in,WP
cewacor.nic.in,Drupal
jeemain.nta.nic.in,WP
dae.gov.in,WP
dsir.gov.in,Drupal
dahd.nic.in,Drupal
chandigarh.gov.in,Drupal
steel.gov.in,Drupal
moes.gov.in,Drupal
dst.gov.in,Drupal
leh.nic.in,WP
commerce.gov.in,WP
fireservice.tripura.gov.in,Drupal
uttarkashi.gov.in,WP
guj.nic.in,WP
raebareli.nic.in,WP
stdd.kerala.gov.in,Drupal
mcc.nic.in,WP
aiapget.nta.nic.in,WP
del.nic.in,WP
www.hpsc.gov.in,Other CMS
state.bihar.gov.in,Other CMS
www.schooleducationharyana.gov.in,WP
www.greentribunal.gov.in,Drupal
mmscmsguy.assam.gov.in,Drupal
mnre.gov.in,WP
comtax.assam.gov.in,Drupal
hazaribag.nic.in,WP
banda.nic.in,WP
csirnet.nta.nic.in,WP
townplanning.kerala.gov.in,WP
upsc.gov.in,Drupal
haryana.gov.in,WP
daman.nic.in,WP
azamgarh.nic.in,WP
varanasi.nic.in,WP
indiancitizenshiponline.nic.in,Other CMS
csab.nic.in,WP
jkcomtax.gov.in,Drupal
naco.gov.in,Drupal
lsgkerala.gov.in,Drupal
legalservices.maharashtra.gov.in,WP
thanecity.gov.in,Other CMS
ananthapuramu.ap.gov.in,WP
wbjeeb.nic.in,WP
bihar.gov.in,Other CMS
tmc.gov.in,Joomla
imcindore.mp.gov.in,WP
transport.mp.gov.in,Drupal
statelottery.kerala.gov.in,Joomla
eprocure.gov.in,Drupal
nursingcouncil.kerala.gov.in,Joomla
wii.gov.in,Drupal
pune.gov.in,WP
jalna.nic.in,WP
buxar.bih.nic.in,WP
sultanpur.nic.in,WP
www.mhrdnats.gov.in,Drupal
keralaagriculture.gov.in,WP
hpsc.gov.in,Other CMS
advocategeneralhry.gov.in,Drupal
py.gov.in,Drupal
up.nic.in,WP
nie.gov.in,Joomla
afd.csdindia.gov.in,WP
thanjavur.nic.in,WP
cuddalore.nic.in,WP
gmada.gov.in,Drupal
sitapur.nic.in,WP
fatehgarhsahib.nic.in,WP
ayodhya.nic.in,WP
balrampur.nic.in,WP
kawardha.gov.in,WP
gariaband.gov.in,WP
gorakhpur.nic.in,WP
hpsirmaur.nic.in,WP
kamrup.assam.gov.in,Drupal
samba.gov.in,WP
rajouri.nic.in,WP
dumka.nic.in,WP
ganderbal.nic.in,WP
dharwad.nic.in,WP
anuppur.nic.in,WP
chitrakoot.nic.in,WP
ladakh.nic.in,WP
almora.nic.in,WP
chamoli.gov.in,WP
ranchi.nic.in,WP
ipc.gov.in,Joomla
coochbehar.nic.in,WP
rrrlf.nic.in,WP
kushinagar.nic.in,WP
ignca.gov.in,WP
www.upsc.gov.in,Drupal
districts.ecourts.gov.in,Drupal
assam.gov.in,Drupal
shimoga.nic.in,WP
legislative.gov.in,WP
www.iccr.gov.in,Drupal
palamu.nic.in,WP
lakshadweep.gov.in,WP
www.highereducation.kerala.gov.in,Joomla
highereducation.cg.gov.in,Drupal
iica.nic.in,WP
kvsangathan.nic.in,WP
anert.gov.in,Drupal
asapkerala.gov.in,WP
www.vecc.gov.in,Drupal
www.rgniyd.gov.in,Drupal
vyapam.cgstate.gov.in,Drupal
www.ignca.nic.in,WP
icro.npcindia.gov.in,WP
allahabadmc.gov.in,Other CMS
coochbehar.gov.in,WP
niti.gov.in,Drupal
kvs.gov.in,Drupal
aaccc.gov.in,WP
affdf.gov.in,WP
www.aishe.gov.in,WP
aishe.gov.in,WP
aiihph.gov.in,WP
akashvani.gov.in,WP
akola.gov.in,WP
alappuzha.nic.in,WP
alipurduar.gov.in,WP
alappuzha.gov.in,WP
allindiaradio.gov.in,WP
ambala.gov.in,WP
citizen.andaman.gov.in,Other CMS
www.anagrasarkalyan.gov.in,WP
anagrasarkalyan.gov.in,WP
aiia.gov.in,WP
police.andaman.gov.in,Joomla
ansi.gov.in,WP
www.anert.gov.in,Drupal
www.ansi.gov.in,WP
www.police.andaman.gov.in,Joomla
bapatla.ap.gov.in,WP
annamayya.ap.gov.in,WP
allurisitharamaraju.ap.gov.in,WP
anakapalli.ap.gov.in,WP
cdma.ap.gov.in,Drupal
chittoor.ap.gov.in,WP
eastgodavari.ap.gov.in,WP
eluru.ap.gov.in,WP
guntur.ap.gov.in,WP
kakinada.ap.gov.in,WP
kadapa.ap.gov.in,WP
konaseema.ap.gov.in,WP
krishna.ap.gov.in,WP
kurnool.ap.gov.in,WP
nandyal.ap.gov.in,WP
ntr.ap.gov.in,WP
palnadu.ap.gov.in,WP
parvathipurammanyam.ap.gov.in,WP
prakasam.ap.gov.in,WP
srisathyasai.ap.gov.in,WP
srikakulam.ap.gov.in,WP
spsnellore.ap.gov.in,WP
vizianagaram.ap.gov.in,WP
tirupati.ap.gov.in,WP
westgodavari.ap.gov.in,WP
www.apps.gov.in,Drupal
apps.gov.in,Drupal
www.aptel.gov.in,Drupal
aptel.gov.in,Drupal
architecturehry.gov.in,WP
artandculturalaffairshry.gov.in,WP
eabkari.arunachal.gov.in,Drupal
animalhusbandry.assam.gov.in,Drupal
asrlms.assam.gov.in,Drupal
assamaccord.assam.gov.in,Drupal
www.assam.gov.in,Drupal
astc.assam.gov.in,Drupal
www.asapkerala.gov.in,WP
dee.assam.gov.in,Drupal
dibrugarh.assam.gov.in,Drupal
dhs.assam.gov.in,Drupal
dht.assam.gov.in,Drupal
dlrar.assam.gov.in,Drupal
bongaigaon.assam.gov.in,Drupal
filmfinance.assam.gov.in,Drupal
elementary.assam.gov.in,Drupal
dipr.assam.gov.in,Drupal
finance.assam.gov.in,Drupal
fremaa.assam.gov.in,Drupal
agrifin.assam.gov.in,WP
homeandpolitical.assam.gov.in,Drupal
hts.assam.gov.in,Drupal
igr.assam.gov.in,Drupal
labourcommissioner.assam.gov.in,Drupal
legislative.assam.gov.in,Drupal
nalbari.assam.gov.in,Drupal
madhyamik.assam.gov.in,Drupal
nagaon.assam.gov.in,Drupal
kamrupmetro.assam.gov.in,Drupal
nhm.assam.gov.in,Drupal
sonitpur.assam.gov.in,Drupal
parliamentaryaffairs.assam.gov.in,Drupal
police.assam.gov.in,Drupal
snt.assam.gov.in,Drupal
hojai.assam.gov.in,Drupal
sports.assam.gov.in,Drupal
waterresources.assam.gov.in,Drupal
aurangabad.gov.in,WP
balod.gov.in,WP
bageshwar.gov.in,WP
balodabazar.gov.in,WP
balrampur.gov.in,WP
bastar.gov.in,WP
bankura.gov.in,WP
www.barnala.gov.in,WP
barnala.gov.in,WP
beed.gov.in,WP
bemetara.gov.in,WP
bhandara.gov.in,WP
bhiwani.gov.in,WP
bijapur.gov.in,WP
birbhum.gov.in,WP
biswanath.gov.in,Drupal
bilaspur.gov.in,WP
bitm.gov.in,WP
www.bitm.gov.in,WP
beeindia.gov.in,Drupal
bongaigaon.gov.in,Drupal
bncmc.gov.in,WP
brahmaputraboard.gov.in,WP
www.brahmaputraboard.gov.in,WP
cachar.gov.in,Drupal
cachar.dcourts.gov.in,WP
www.cadc.gov.in,WP
iced.cag.gov.in,WP
cantt.gov.in,WP
cannanore.cantt.gov.in,WP
dehuroad.cantt.gov.in,WP
jabalpur.cantt.gov.in,WP
deolali.cantt.gov.in,WP
ferozepur.cantt.gov.in,WP
jutogh.cantt.gov.in,WP
kamptee.cantt.gov.in,WP
meerut.cantt.gov.in,WP
saugor.cantt.gov.in,WP
cbc.gov.in,Drupal
ranikhet.cantt.gov.in,WP
secunderabad.cantt.gov.in,WP
shillong.cantt.gov.in,WP
www.cbcindia.gov.in,WP
cbcindia.gov.in,WP
www.cca.gov.in,Drupal
cca.gov.in,Drupal
ccsniam.gov.in,Joomla
www.ccsniam.gov.in,Joomla
ceib.gov.in,Drupal
ceikerala.gov.in,Joomla
centralwaqfcouncil.gov.in,Drupal
cexchd1.gov.in,Drupal
spc.cg.gov.in,Drupal
ccrtindia.gov.in,WP
cgca.gov.in,Drupal
www.cgca.gov.in,Drupal
tribal.cg.gov.in,Drupal
phed.cg.gov.in,Drupal
iccr.gov.in,Drupal
www.cghb.gov.in,Drupal
cghb.gov.in,Drupal
spandan.cgpolice.gov.in,Drupal
www.cgisydney.gov.in,WP
indiainseattle.gov.in,WP
cgstamdnorth.gov.in,WP
www.cgstamdnorth.gov.in,WP
cgpolicehelp.cgstate.gov.in,Drupal
cgstrajkotappeals.gov.in,WP
champawat.gov.in,WP
www.chandigarh.gov.in,Drupal
charkhidadri.gov.in,WP
ctuonline.chd.gov.in,WP
reeut.chd.gov.in,Drupal
chdca.gov.in,WP
chandigarhforest.gov.in,WP
www.chandigarhforest.gov.in,WP
chdctu.gov.in,Drupal
www.chdctu.gov.in,Drupal
www.chdeducation.gov.in,WP
chdfood.gov.in,Drupal
www.chdfood.gov.in,Drupal
chandigarhenvis.gov.in,Drupal
chemicals.gov.in,Drupal
chb.gov.in,WP
chennaicustoms.gov.in,WP
www.chennaicustoms.gov.in,WP
ecitizen.civilsupplieskerala.gov.in,Other CMS
ecsc.civilsupplieskerala.gov.in,Other CMS
clinicalestablishments.gov.in,Other CMS
www.clinicalestablishments.gov.in,Other CMS
www.clc.gov.in,Drupal
clc.gov.in,Drupal
cmlre.gov.in,Drupal
www.cmlre.gov.in,Drupal
cmrfodisha.gov.in,Drupal
www.cmrfodisha.gov.in,Drupal
www.cmmanipur.gov.in,WP
cmmanipur.gov.in,WP
coal.gov.in,Drupal
cmss.gov.in,WP
www.cmss.gov.in,WP
cochinport.gov.in,Drupal
www.cochinport.gov.in,Drupal
coirboard.gov.in,WP
coirservices.gov.in,WP
www.coirservices.gov.in,WP
crridom.gov.in,Drupal
www.crridom.gov.in,Drupal
csb.gov.in,WP
www.csb.gov.in,WP
gpf.csb.gov.in,WP
silks.csb.gov.in,WP
crs.gov.in,WP
dbtagriculture.bihar.gov.in,WP
cwc.gov.in,Drupal
www.cwc.gov.in,Drupal
mcdonline.nic.in,WP
vci.dahd.gov.in,Drupal
www.dae.gov.in,WP
darjeeling.gov.in,WP
community.data.gov.in,WP
event.data.gov.in,WP
www.dbtctep.gov.in,WP
dbtindia.gov.in,Drupal
visualize.data.gov.in,WP
ab.dcmsme.gov.in,Other CMS
clcss.dcmsme.gov.in,Other CMS
cluster.dcmsme.gov.in,Other CMS
www.dcmsme.gov.in,Drupal
dbtjrf.gov.in,WP
www.dbtjrf.gov.in,WP
www.ppdcagra.dcmsme.gov.in,Other CMS
ppdcagra.dcmsme.gov.in,Other CMS
msmedi.dcmsme.gov.in,Other CMS
tc.dcmsme.gov.in,Other CMS
dhemaji.dcourts.gov.in,WP
bhiwani.dcourts.gov.in,WP
bilaspurhp.dcourts.gov.in,WP
dhubri.dcourts.gov.in,WP
faridabad.dcourts.gov.in,WP
golaghat.dcourts.gov.in,WP
gurugram.dcourts.gov.in,WP
hisar.dcourts.gov.in,WP
kamrupmetro.dcourts.gov.in,WP
hailakandi.dcourts.gov.in,WP
lakhimpur.dcourts.gov.in,WP
sivasagar.dcourts.gov.in,WP
namchi.dcourts.gov.in,WP
morigaon.dcourts.gov.in,WP
sonitpur.dcourts.gov.in,WP
palwal.dcourts.gov.in,WP
pasighat.dcourts.gov.in,WP
sirmaur.dcourts.gov.in,WP
sonepat.dcourts.gov.in,WP
wayanad.dcourts.gov.in,WP
surat.dcourts.gov.in,WP
ddd.gov.in,WP
police.ddd.gov.in,WP
dda.gov.in,Drupal
www.dda.gov.in,Drupal
ddinews.gov.in,WP
ddnews.gov.in,WP
ddkbbsr.gov.in,Drupal
www.ddkbbsr.gov.in,Drupal
www.ddinews.gov.in,WP
www.ddnews.gov.in,WP
www.ddpmod.gov.in,Drupal
ddpmod.gov.in,Drupal
ddpdos.gov.in,Drupal
dehradun.nic.in,WP
dehradun.gov.in,WP
swachhbharatmission.ddws.gov.in,Drupal
dmnorth.delhi.gov.in,WP
dmshahdara.delhi.gov.in,WP
dmnorthwest.delhi.gov.in,WP
dmeast.delhi.gov.in,WP
dmsouth.delhi.gov.in,WP
dmnewdelhi.delhi.gov.in,WP
dmnortheast.delhi.gov.in,WP
dmsouthwest.delhi.gov.in,WP
dmsoutheast.delhi.gov.in,WP
rera.delhi.gov.in,Drupal
www.rera.delhi.gov.in,Drupal
traffic.delhipolice.gov.in,Drupal
depwd.gov.in,WP
derc.gov.in,Drupal
www.derc.gov.in,Drupal
desw.gov.in,Drupal
www.desw.gov.in,Drupal
igmri.dfpd.gov.in,Drupal
www.dgde.gov.in,Drupal
dgde.gov.in,Drupal
desagri.gov.in,WP
nstidehradun.dgt.gov.in,Drupal
dgt.gov.in,Drupal
nstihyderabad2.dgt.gov.in,Drupal
nstijamshedpur.dgt.gov.in,Drupal
nstihaldwani.dgt.gov.in,Drupal
nstiludhiana.dgt.gov.in,Drupal
nstiwbengaluru.dgt.gov.in,Drupal
nstiwgoa.dgt.gov.in,Drupal
nstiwjaipur.dgt.gov.in,Drupal
nstiwnoida.dgt.gov.in,Drupal
nstiwpatna.dgt.gov.in,Drupal
nstiwmumbai.dgt.gov.in,Drupal
nstiwtrivandrum.dgt.gov.in,Drupal
nstiwtura.dgt.gov.in,Drupal
rdsdebihar.dgt.gov.in,Drupal
rdsdeandhrapradesh.dgt.gov.in,Drupal
rdsdeassam.dgt.gov.in,Drupal
rdsdegujarat.dgt.gov.in,Drupal
rdsdejharkhand.dgt.gov.in,Drupal
rdsdekarnataka.dgt.gov.in,Drupal
rdsdemadhyapradesh.dgt.gov.in,Drupal
rdsdemaharashtra.dgt.gov.in,Drupal
rdsdetamilnadu.dgt.gov.in,Drupal
rdsdetelangana.dgt.gov.in,Drupal
rdsdeuttarpradesh.dgt.gov.in,Drupal
rdsdewestbengal.dgt.gov.in,Drupal
dgtr.gov.in,Drupal
www.dgtr.gov.in,Drupal
dhemaji.gov.in,Drupal
dhamtari.gov.in,WP
dgtelecom.gov.in,WP
dhubri.gov.in,Drupal
dhubri.assam.gov.in,Drupal
dhepune.gov.in,WP
digibunai.dic.gov.in,Joomla
www.dhepune.gov.in,WP
dhule.gov.in,WP
m4agri.dic.gov.in,Joomla
dietresubelpara.gov.in,Drupal
dietnongstoin.gov.in,Drupal
dietthadlaskein.gov.in,Drupal
diksha.gov.in,Other CMS
vdn.diksha.gov.in,Other CMS
www.diksha.gov.in,Other CMS
www.digitalpolicecitizenservices.gov.in,Other CMS
disabilityaffairs.gov.in,WP
diu.gov.in,WP
www.diu.gov.in,WP
dla.gov.in,Drupal
www.dla.gov.in,Drupal
dmeo.gov.in,Drupal
dnh.gov.in,WP
doe.gov.in,Drupal
www.doe.gov.in,Drupal
dof.gov.in,WP
doj.gov.in,WP
pda.dnh.gov.in,Drupal
dashboard.doj.gov.in,WP
dolr.gov.in,WP
prasarbharati.gov.in,WP
doordarshan.gov.in,WP
www.dpl.gov.in,Joomla
dpl.gov.in,Joomla
www.dsir.gov.in,Drupal
dsndharyana.gov.in,WP
www.dst.gov.in,Drupal
durg.gov.in,WP
amravati.dvet.gov.in,WP
aurangabad.dvet.gov.in,WP
www.dvet.gov.in,WP
dtetodisha.gov.in,WP
mumbai.dvet.gov.in,WP
nagpur.dvet.gov.in,WP
nashik.dvet.gov.in,WP
pune.dvet.gov.in,WP
eastkhasihills.gov.in,WP
eastgarohills.gov.in,WP
eastjaintiahills.gov.in,WP
ecommitteesci.gov.in,WP
www.edantseva.gov.in,Drupal
chd.education.gov.in,Drupal
www.chd.education.gov.in,Drupal
dsel.education.gov.in,Drupal
cstt.education.gov.in,Drupal
www.cstt.education.gov.in,Drupal
boatwr.education.gov.in,WP
repository.education.gov.in,WP
www.egovstandards.gov.in,Drupal
egovstandards.gov.in,Drupal
embassyofindiayangon.gov.in,WP
www.embassyofindiayangon.gov.in,WP
enforcementdirectorate.gov.in,Drupal
www.enforcementdirectorate.gov.in,Drupal
eoiaddisababa.gov.in,WP
www.eprocure.gov.in,Drupal
ernakulam.gov.in,WP
ernakulam.nic.in,WP
esaharyana.gov.in,WP
erpc.gov.in,WP
fatehgarhsahib.gov.in,WP
fazilka.gov.in,WP
fibkerala.gov.in,Drupal
www.fibkerala.gov.in,Drupal
finhry.gov.in,WP
hpsn.finhry.gov.in,WP
www.finhry.gov.in,WP
fitindia.gov.in,WP
www.fitindia.gov.in,WP
gadchiroli.gov.in,WP
nflgaziabad.fssai.gov.in,WP
www.gandhismriti.gov.in,Drupal
gandhismriti.gov.in,Drupal
gbpihed.gov.in,Drupal
www.gbpihed.gov.in,Drupal
www.gcelt.gov.in,WP
gcelt.gov.in,WP
giso.gov.in,Drupal
www.gmada.gov.in,Drupal
www.gmch.gov.in,Drupal
gmch.gov.in,Drupal
cares.goa.gov.in,WP
dfes.goa.gov.in,Drupal
dsya.goa.gov.in,WP
www.dsya.goa.gov.in,WP
geda.goa.gov.in,WP
ghrdc.goa.gov.in,WP
ghb.goa.gov.in,WP
gssc.goa.gov.in,WP
infotech.goa.gov.in,WP
goawrd.gov.in,Drupal
gondia.gov.in,WP
governoruk.gov.in,WP
greentribunal.gov.in,Drupal
grihkalyankendra.gov.in,Drupal
greene.gov.in,WP
www.grihkalyankendra.gov.in,Drupal
gstauditjk.gov.in,Drupal
gstcouncil.gov.in,Drupal
www.gstcouncil.gov.in,Drupal
gurugram.gov.in,WP
www.gstnoida.gov.in,WP
hafed.gov.in,Drupal
haraviation.gov.in,WP
hareda.gov.in,WP
harenvironment.gov.in,WP
hrccc.harenvironment.gov.in,WP
harfish.gov.in,Drupal
hargauseva.gov.in,WP
harprathmik.gov.in,WP
hartrans.gov.in,WP
acb.haryana.gov.in,WP
www.haryana.gov.in,WP
ayushmanbharat.haryana.gov.in,WP
commhsr.haryana.gov.in,WP
envis.haryana.gov.in,WP
gramdarshan.haryana.gov.in,WP
msme.haryana.gov.in,WP
sfc.haryana.gov.in,WP
sewa.haryana.gov.in,WP
sjeti.haryana.gov.in,WP
swa.haryana.gov.in,WP
haryanaarchives.gov.in,WP
haryanafood.gov.in,WP
haryanaforest.gov.in,WP
campa.haryanaforest.gov.in,WP
sbb.haryanaforest.gov.in,WP
haryanaassembly.gov.in,WP
haryanahealth.gov.in,WP
haryanait.gov.in,WP
haryanarajbhavan.gov.in,WP
haryanarural.gov.in,WP
haryanascbc.gov.in,Drupal
www.haryanascbc.gov.in,Drupal
haryanasports.gov.in,WP
haryanavigilance.gov.in,WP
haryanatransport.gov.in,Drupal
www.haryanatransport.gov.in,Drupal
hbh.gov.in,Other CMS
hcigeorgetown.gov.in,WP
www.hcigeorgetown.gov.in,WP
hcs.gov.in,Drupal
old.hda.gov.in,WP
hfdc.gov.in,WP
highereducationmanipur.gov.in,WP
himachaldit.gov.in,WP
ddtg.hp.gov.in,WP
himachaltourism.gov.in,WP
hisar.gov.in,WP
hingoli.nic.in,WP
www.hmda.gov.in,WP
hooghly.nic.in,WP
hooghly.gov.in,WP
howrah.gov.in,WP
dest.hp.gov.in,Drupal
ei.hp.gov.in,Other CMS
eudyan.hp.gov.in,Other CMS
himurja.hp.gov.in,WP
techedu.hp.gov.in,Drupal
online2.hpsssb.hp.gov.in,WP
hpmc.gov.in,Other CMS
hpmandi.nic.in,WP
hpmandi.gov.in,WP
hpsirmaur.gov.in,WP
hpshimla.gov.in,WP
hpshimla.nic.in,WP
www.hptax.gov.in,WP
hptax.gov.in,WP
hrtreasuries.gov.in,WP
hryesi.gov.in,WP
hslsa.gov.in,WP
hwb.gov.in,Drupal
www.hwb.gov.in,Drupal
aeis.icar.gov.in,WP
www.icar.gov.in,Drupal
krishi.icar.gov.in,WP
aicrponforagecrops.icar.gov.in,Joomla
aicrpspices.icar.gov.in,Drupal
hydrobharat.gov.in,WP
cashewprotect.icar.gov.in,WP
ccri.icar.gov.in,Other CMS
cafri.icar.gov.in,WP
dmapr.icar.gov.in,Drupal
dogr.icar.gov.in,Joomla
education.icar.gov.in,WP
iasri.icar.gov.in,WP
dkma.icar.gov.in,WP
ciphet.icar.gov.in,WP
iimr.icar.gov.in,WP
icarrcer.icar.gov.in,WP
igfri.icar.gov.in,WP
iior.icar.gov.in,Drupal
iivr.icar.gov.in,Drupal
calicut.kvk.icar.gov.in,Joomla
iiab.icar.gov.in,WP
kvkalappuzha.icar.gov.in,WP
kvkernakulam.icar.gov.in,WP
nahep2.icar.gov.in,WP
nahep.icar.gov.in,WP
niasm.icar.gov.in,Drupal
nibsm.icar.gov.in,Joomla
nbsslup.icar.gov.in,WP
nbagr.icar.gov.in,WP
nrcmithun.icar.gov.in,Drupal
sugarcane.icar.gov.in,WP
qms.icar.gov.in,Drupal
testicar.icar.gov.in,Drupal
spices.icar.gov.in,Drupal
ifp.icfre.gov.in,WP
idukki.nic.in,WP
www.ies.gov.in,WP
ies.gov.in,WP
iilm.gov.in,Drupal
iimc.gov.in,Drupal
www.iimc.gov.in,Drupal
igrms.gov.in,Drupal
ikm.gov.in,Drupal
ilearn.gov.in,WP
www.ilearn.gov.in,WP
incometaxnortheast.gov.in,WP
indbiz.gov.in,WP
indembassyseoul.gov.in,Drupal
www.indembassyseoul.gov.in,Drupal
www.indembassyuae.gov.in,WP
indembassyuae.gov.in,WP
covid19.india.gov.in,WP
guidelines.india.gov.in,WP
vahan.parivahan.gov.in,Drupal
www.tn.gov.in,Drupal
yas.nic.in,Drupal
cms.tn.gov.in,Drupal
ncw.nic.in,Drupal
cea.nic.in,WP
pds.jharkhand.gov.in,Joomla
raipur.gov.in,WP
meacms.mea.gov.in,Other CMS
nss.gov.in,Drupal
meghalaya.gov.in,Drupal
nclt.gov.in,Drupal
cpao.nic.in,WP
www.daman.nic.in,WP
vikarabad.telangana.gov.in,WP
wdsc.telangana.gov.in,Other CMS
warangal.telangana.gov.in,WP
jagtial.telangana.gov.in,WP
aquaptax.mcgm.gov.in,Other CMS
bijnor.nic.in,WP
dor.gov.in,Drupal
aizawl.nic.in,WP
indiaculture.gov.in,Drupal
www.indiaculture.gov.in,Drupal
www.indiainseattle.gov.in,WP
icms.indianrail.gov.in,Other CMS
cms.indianrail.gov.in,WP
www.indiascienceandtechnology.gov.in,Drupal
indiascienceandtechnology.gov.in,Drupal
interstatecouncil.gov.in,WP
www.ipc.gov.in,Joomla
www.ipft.gov.in,Other CMS
ipft.gov.in,Other CMS
cms.irsofficersonline.gov.in,Other CMS
irix.gov.in,WP
itiharyana.gov.in,Drupal
itpolicyup.gov.in,WP
jalgaon.gov.in,WP
www.iwai.gov.in,Drupal
iwai.gov.in,Drupal
jalna.gov.in,WP
jalshakti.gov.in,Drupal
jalpaiguri.gov.in,WP
jaljeevanmission.gov.in,Drupal
jammu.gov.in,WP
jashpur.gov.in,WP
jhargram.gov.in,WP
www.jhargram.gov.in,WP
jind.gov.in,WP
rcms.jk.gov.in,Drupal
jkpoliceeservices.gov.in,Other CMS
kaithal.gov.in,WP
kalimpong.gov.in,WP
kanker.gov.in,WP
kannur.gov.in,WP
kannur.nic.in,WP
kapurthala.gov.in,WP
karaikal.gov.in,WP
karbianglong.gov.in,Drupal
karnal.gov.in,WP
arogya.karnataka.gov.in,Joomla
www.arogya.karnataka.gov.in,Joomla
bwsajala.karnataka.gov.in,WP
csg.karnataka.gov.in,WP
eofficecitizen.karnataka.gov.in,Other CMS
ccms.karnataka.gov.in,Other CMS
kasargod.nic.in,WP
kasargod.gov.in,WP
kasez.gov.in,WP
bcdd.kerala.gov.in,WP
ceds.kerala.gov.in,Joomla
casmvk.kerala.gov.in,WP
www.clr.kerala.gov.in,Joomla
clr.kerala.gov.in,Joomla
cmd.kerala.gov.in,WP
www.cmopcmg.kerala.gov.in,Other CMS
coir.kerala.gov.in,WP
collegiateedu.kerala.gov.in,WP
cooperation.kerala.gov.in,WP
consumeraffairs.kerala.gov.in,WP
www.dairydevelopment.kerala.gov.in,Joomla
dairydevelopment.kerala.gov.in,Joomla
www.dc.kerala.gov.in,WP
dc.kerala.gov.in,WP
dentalcouncil.kerala.gov.in,WP
dic.kerala.gov.in,Joomla
dmg.kerala.gov.in,WP
dslr.kerala.gov.in,WP
archive.education.kerala.gov.in,Joomla
ehealth.kerala.gov.in,Drupal
employment.kerala.gov.in,WP
eitd.kerala.gov.in,WP
envt.kerala.gov.in,WP
education.kerala.gov.in,WP
www.education.kerala.gov.in,WP
fire.kerala.gov.in,WP
old.forest.kerala.gov.in,Joomla
foodsafety.kerala.gov.in,WP
gad.kerala.gov.in,Drupal
www.gadsplais.kerala.gov.in,Joomla
www.excise.kerala.gov.in,WP
groundwater.kerala.gov.in,WP
www.keralaexcise.gov.in,WP
hed.kerala.gov.in,Joomla
www.hed.kerala.gov.in,Joomla
highereducation.kerala.gov.in,Joomla
hsgtechdept.kerala.gov.in,WP
iav.kerala.gov.in,WP
industry.kerala.gov.in,Joomla
homoeopathy.kerala.gov.in,WP
www.ims.kerala.gov.in,Drupal
ims.kerala.gov.in,Drupal
www.insurance.kerala.gov.in,Joomla
insurance.kerala.gov.in,Joomla
irrigation.kerala.gov.in,Drupal
itmission.kerala.gov.in,Drupal
kbps.kerala.gov.in,Joomla
keralacseb.kerala.gov.in,WP
www.kexcon.kerala.gov.in,Joomla
kdrb.kerala.gov.in,WP
kescpcr.kerala.gov.in,WP
kiidc.kerala.gov.in,WP
kfdc.kerala.gov.in,WP
kirtads.kerala.gov.in,WP
kpesrb.kerala.gov.in,WP
kriis.kerala.gov.in,WP
ksad.kerala.gov.in,WP
ksc.kerala.gov.in,WP
ksbc.kerala.gov.in,WP
kscbc.kerala.gov.in,WP
ksd.kerala.gov.in,Joomla
www.ksd.kerala.gov.in,Joomla
www.kslub.kerala.gov.in,WP
kslub.kerala.gov.in,WP
www.kstc.kerala.gov.in,WP
kstc.kerala.gov.in,WP
www.ktdfc.kerala.gov.in,Joomla
ksvc.kerala.gov.in,WP
ktdfc.kerala.gov.in,Joomla
ksywb.kerala.gov.in,WP
www.lfa.kerala.gov.in,Joomla
lifemission.kerala.gov.in,Drupal
kwa.kerala.gov.in,WP
livestock.kerala.gov.in,WP
lmd.kerala.gov.in,WP
malabardevaswom.kerala.gov.in,Joomla
www.malabardevaswom.kerala.gov.in,Joomla
www.mcc.kerala.gov.in,Joomla
mcc.kerala.gov.in,Joomla
medicalcouncil.kerala.gov.in,WP
mvd.kerala.gov.in,Drupal
patentcentre.kerala.gov.in,WP
odepc.kerala.gov.in,WP
prd.kerala.gov.in,Drupal
www.prd.kerala.gov.in,Drupal
psc.kerala.gov.in,Drupal
printing.kerala.gov.in,WP
rajbhavan.kerala.gov.in,Joomla
www.rajbhavan.kerala.gov.in,Joomla
rebuild.kerala.gov.in,WP
prdlive.kerala.gov.in,WP
sainikwelfare.kerala.gov.in,WP
www.scert.kerala.gov.in,WP
scert.kerala.gov.in,WP
sha.kerala.gov.in,WP
slna.kerala.gov.in,Drupal
www.socialaudit.kerala.gov.in,WP
spfu.kerala.gov.in,Joomla
www.statelottery.kerala.gov.in,Joomla
sribs.kerala.gov.in,WP
www.stdd.kerala.gov.in,Drupal
trida.kerala.gov.in,Drupal
www.vhscap.kerala.gov.in,Other CMS
www.townplanning.kerala.gov.in,WP
vhscap.kerala.gov.in,Other CMS
www.trida.kerala.gov.in,Drupal
reg.keralaenergy.gov.in,Drupal
keralamvd.gov.in,Drupal
keralaexcise.gov.in,WP
keralapsc.gov.in,Drupal
forum.keralawomen.gov.in,Drupal
kolhapur.gov.in,WP
kollam.gov.in,WP
kollam.nic.in,WP
kollamcorporation.gov.in,Drupal
kondagaon.gov.in,WP
korba.gov.in,WP
korea.gov.in,WP
kottayam.gov.in,WP
kottayam.nic.in,WP
kozhikode.gov.in,WP
kozhikode.nic.in,WP
kurukshetra.gov.in,WP
kvkcalicut.gov.in,Joomla
robangalore.kvs.gov.in,WP
robhubaneswar.kvs.gov.in,WP
rodehradun.kvs.gov.in,WP
rodelhi.kvs.gov.in,WP
rojammu.kvs.gov.in,WP
rojabalpur.kvs.gov.in,WP
rosilchar.kvs.gov.in,WP
zietgwalior.kvs.gov.in,WP
labdirodisha.gov.in,Drupal
zietmysore.kvs.gov.in,WP
cgit.labour.gov.in,Drupal
olwboard.labdirodisha.gov.in,Drupal
citizenportalpolice.ladakh.gov.in,Other CMS
ladakh.gov.in,WP
micensus.gov.in,Drupal
www.keralapsc.gov.in,Drupal
jharkhandhighcourt.nic.in,Drupal
meity.gov.in,Drupal
micensus.gov.in,Drupal
www.keralapsc.gov.in,Drupal
jharkhandhighcourt.nic.in,Drupal
lddashboard.legislative.gov.in,WP
rcmsmanipur.nic.in,Drupal
lddashboard.legislative.gov.in,WP
biharboardonline.bihar.gov.in,Drupal
culturedirectorate.kerala.gov.in,WP
josaa.nic.in,WP
amravati.gov.in,WP
lucknow.nic.in,WP
dcmsme.gov.in,Drupal
sagarmala.gov.in,Drupal
krishnanagarpd.wbpolice.gov.in,WP
nagaland.gov.in,Other CMS
www.tnhealth.tn.gov.in,WP
tn.gov.in,Drupal
tourism.gov.in,Drupal
jeemain.nta.nic.in,WP
neet.nta.nic.in,WP
cewacor.nic.in,Drupal
dae.gov.in,WP
dahd.nic.in,Drupal
chandigarh.gov.in,Drupal
dsir.gov.in,Drupal
steel.gov.in,Drupal
moes.gov.in,Drupal
dst.gov.in,Drupal
guj.nic.in,WP
leh.nic.in,WP
commerce.gov.in,WP
fireservice.tripura.gov.in,Drupal
uttarkashi.gov.in,WP
del.nic.in,WP
raebareli.nic.in,WP
stdd.kerala.gov.in,Drupal
aiapget.nta.nic.in,WP
mcc.nic.in,WP
icar.gov.in,Drupal
www.hpsc.gov.in,Other CMS
state.bihar.gov.in,Other CMS
www.schooleducationharyana.gov.in,WP
mmscmsguy.assam.gov.in,Drupal
www.greentribunal.gov.in,Drupal
mnre.gov.in,WP
comtax.assam.gov.in,Drupal
csirnet.nta.nic.in,WP
hazaribag.nic.in,WP
banda.nic.in,WP
upsc.gov.in,Drupal
townplanning.kerala.gov.in,WP
azamgarh.nic.in,WP
haryana.gov.in,WP
varanasi.nic.in,WP
daman.nic.in,WP
csab.nic.in,WP
indiancitizenshiponline.nic.in,Other CMS
jkcomtax.gov.in,Drupal
lsgkerala.gov.in,Drupal
legalservices.maharashtra.gov.in,WP
thanecity.gov.in,Other CMS
ananthapuramu.ap.gov.in,WP
wbjeeb.nic.in,WP
tmc.gov.in,Joomla
bihar.gov.in,Other CMS
imcindore.mp.gov.in,WP
transport.mp.gov.in,Drupal
statelottery.kerala.gov.in,Joomla
nursingcouncil.kerala.gov.in,Joomla
eprocure.gov.in,Drupal
pune.gov.in,WP
jalna.nic.in,WP
buxar.bih.nic.in,WP
sultanpur.nic.in,WP
www.mhrdnats.gov.in,Drupal
hpsc.gov.in,Other CMS
up.nic.in,WP
py.gov.in,Drupal
advocategeneralhry.gov.in,Drupal
nie.gov.in,Joomla
afd.csdindia.gov.in,WP
fatehgarhsahib.nic.in,WP
cuddalore.nic.in,WP
thanjavur.nic.in,WP
gmada.gov.in,Drupal
ayodhya.nic.in,WP
gariaband.gov.in,WP
balrampur.nic.in,WP
gorakhpur.nic.in,WP
kawardha.gov.in,WP
sitapur.nic.in,WP
hpsirmaur.nic.in,WP
kamrup.assam.gov.in,Drupal
samba.gov.in,WP
rajouri.nic.in,WP
dumka.nic.in,WP
chitrakoot.nic.in,WP
dharwad.nic.in,WP
anuppur.nic.in,WP
ladakh.nic.in,WP
ganderbal.nic.in,WP
almora.nic.in,WP
ipc.gov.in,Joomla
ranchi.nic.in,WP
coochbehar.nic.in,WP
rrrlf.nic.in,WP
kushinagar.nic.in,WP
ignca.gov.in,WP
www.upsc.gov.in,Drupal
districts.ecourts.gov.in,Drupal
assam.gov.in,Drupal
shimoga.nic.in,WP
legislative.gov.in,WP
www.iccr.gov.in,Drupal
palamu.nic.in,WP
lakshadweep.gov.in,WP
kvsangathan.nic.in,WP
highereducation.cg.gov.in,Drupal
www.highereducation.kerala.gov.in,Joomla
iica.nic.in,WP
anert.gov.in,Drupal
asapkerala.gov.in,WP
www.vecc.gov.in,Drupal
www.rgniyd.gov.in,Drupal
vyapam.cgstate.gov.in,Drupal
icro.npcindia.gov.in,WP
allahabadmc.gov.in,Other CMS
www.ignca.nic.in,WP
coochbehar.gov.in,WP
niti.gov.in,Drupal
kvs.gov.in,Drupal
aaccc.gov.in,WP
affdf.gov.in,WP
www.aishe.gov.in,WP
aishe.gov.in,WP
akola.gov.in,WP
aiihph.gov.in,WP
akashvani.gov.in,WP
alipurduar.gov.in,WP
alappuzha.nic.in,WP
alappuzha.gov.in,WP
allindiaradio.gov.in,WP
ambala.gov.in,WP
www.anagrasarkalyan.gov.in,WP
anagrasarkalyan.gov.in,WP
aiia.gov.in,WP
www.police.andaman.gov.in,Joomla
ansi.gov.in,WP
www.anert.gov.in,Drupal
www.ansi.gov.in,WP
police.andaman.gov.in,Joomla
allurisitharamaraju.ap.gov.in,WP
anakapalli.ap.gov.in,WP
bapatla.ap.gov.in,WP
annamayya.ap.gov.in,WP
cdma.ap.gov.in,Drupal
eluru.ap.gov.in,WP
eastgodavari.ap.gov.in,WP
chittoor.ap.gov.in,WP
guntur.ap.gov.in,WP
kakinada.ap.gov.in,WP
kadapa.ap.gov.in,WP
konaseema.ap.gov.in,WP
krishna.ap.gov.in,WP
kurnool.ap.gov.in,WP
nandyal.ap.gov.in,WP
ntr.ap.gov.in,WP
parvathipurammanyam.ap.gov.in,WP
palnadu.ap.gov.in,WP
srisathyasai.ap.gov.in,WP
srikakulam.ap.gov.in,WP
tirupati.ap.gov.in,WP
spsnellore.ap.gov.in,WP
vizianagaram.ap.gov.in,WP
visakhapatnam.ap.gov.in,WP
prakasam.ap.gov.in,WP
westgodavari.ap.gov.in,WP
www.apps.gov.in,Drupal
apps.gov.in,Drupal
aptel.gov.in,Drupal
www.aptel.gov.in,Drupal
artandculturalaffairshry.gov.in,WP
architecturehry.gov.in,WP
eabkari.arunachal.gov.in,Drupal
animalhusbandry.assam.gov.in,Drupal
asrlms.assam.gov.in,Drupal
assamaccord.assam.gov.in,Drupal
astc.assam.gov.in,Drupal
www.assam.gov.in,Drupal
www.asapkerala.gov.in,WP
dee.assam.gov.in,Drupal
dibrugarh.assam.gov.in,Drupal
dhs.assam.gov.in,Drupal
dht.assam.gov.in,Drupal
bongaigaon.assam.gov.in,Drupal
dipr.assam.gov.in,Drupal
dlrar.assam.gov.in,Drupal
filmfinance.assam.gov.in,Drupal
elementary.assam.gov.in,Drupal
fremaa.assam.gov.in,Drupal
finance.assam.gov.in,Drupal
homeandpolitical.assam.gov.in,Drupal
agrifin.assam.gov.in,WP
hts.assam.gov.in,Drupal
labourcommissioner.assam.gov.in,Drupal
igr.assam.gov.in,Drupal
legislative.assam.gov.in,Drupal
nalbari.assam.gov.in,Drupal
nagaon.assam.gov.in,Drupal
madhyamik.assam.gov.in,Drupal
kamrupmetro.assam.gov.in,Drupal
nhm.assam.gov.in,Drupal
parliamentaryaffairs.assam.gov.in,Drupal
sonitpur.assam.gov.in,Drupal
snt.assam.gov.in,Drupal
police.assam.gov.in,Drupal
sports.assam.gov.in,Drupal
waterresources.assam.gov.in,Drupal
aurangabad.gov.in,WP
bageshwar.gov.in,WP
balod.gov.in,WP
balodabazar.gov.in,WP
balrampur.gov.in,WP
www.barnala.gov.in,WP
barnala.gov.in,WP
beed.gov.in,WP
bastar.gov.in,WP
bankura.gov.in,WP
bhandara.gov.in,WP
bhiwani.gov.in,WP
bemetara.gov.in,WP
birbhum.gov.in,WP
biswanath.gov.in,Drupal
bijapur.gov.in,WP
bilaspur.gov.in,WP
bitm.gov.in,WP
www.bitm.gov.in,WP
beeindia.gov.in,Drupal
bongaigaon.gov.in,Drupal
bncmc.gov.in,WP
cachar.gov.in,Drupal
brahmaputraboard.gov.in,WP
www.brahmaputraboard.gov.in,WP
iced.cag.gov.in,WP
cantt.gov.in,WP
cannanore.cantt.gov.in,WP
dehuroad.cantt.gov.in,WP
deolali.cantt.gov.in,WP
ferozepur.cantt.gov.in,WP
jabalpur.cantt.gov.in,WP
www.cadc.gov.in,WP
jutogh.cantt.gov.in,WP
kamptee.cantt.gov.in,WP
meerut.cantt.gov.in,WP
cbc.gov.in,Drupal
saugor.cantt.gov.in,WP
ranikhet.cantt.gov.in,WP
secunderabad.cantt.gov.in,WP
shillong.cantt.gov.in,WP
cbcindia.gov.in,WP
www.cbcindia.gov.in,WP
cca.gov.in,Drupal
www.cca.gov.in,Drupal
ccsniam.gov.in,Joomla
www.ccsniam.gov.in,Joomla
ceib.gov.in,Drupal
ceikerala.gov.in,Joomla
centralwaqfcouncil.gov.in,Drupal
cexchd1.gov.in,Drupal
spc.cg.gov.in,Drupal
www.cgca.gov.in,Drupal
cgca.gov.in,Drupal
tribal.cg.gov.in,Drupal
phed.cg.gov.in,Drupal
ccrtindia.gov.in,WP
iccr.gov.in,Drupal
cghb.gov.in,Drupal
www.cghb.gov.in,Drupal
spandan.cgpolice.gov.in,Drupal
www.cgisydney.gov.in,WP
indiainseattle.gov.in,WP
cgstamdnorth.gov.in,WP
www.cgstamdnorth.gov.in,WP
cgpolicehelp.cgstate.gov.in,Drupal
cgstrajkotappeals.gov.in,WP
champawat.gov.in,WP
www.chandigarh.gov.in,Drupal
charkhidadri.gov.in,WP
ctuonline.chd.gov.in,WP
reeut.chd.gov.in,Drupal
chdca.gov.in,WP
chdctu.gov.in,Drupal
www.chandigarhforest.gov.in,WP
chandigarhforest.gov.in,WP
www.chdctu.gov.in,Drupal
chdfood.gov.in,Drupal
www.chdeducation.gov.in,WP
www.chdfood.gov.in,Drupal
chandigarhenvis.gov.in,Drupal
chemicals.gov.in,Drupal
chb.gov.in,WP
www.chennaicustoms.gov.in,WP
chennaicustoms.gov.in,WP
ecsc.civilsupplieskerala.gov.in,Other CMS
ecitizen.civilsupplieskerala.gov.in,Other CMS
clinicalestablishments.gov.in,Other CMS
www.clinicalestablishments.gov.in,Other CMS
clc.gov.in,Drupal
www.clc.gov.in,Drupal
www.cmlre.gov.in,Drupal
cmrfodisha.gov.in,Drupal
www.cmrfodisha.gov.in,Drupal
cmlre.gov.in,Drupal
cmmanipur.gov.in,WP
www.cmmanipur.gov.in,WP
coal.gov.in,Drupal
cmss.gov.in,WP
www.cmss.gov.in,WP
cochinport.gov.in,Drupal
www.cochinport.gov.in,Drupal
coirboard.gov.in,WP
coirservices.gov.in,WP
www.coirservices.gov.in,WP
crridom.gov.in,Drupal
www.crridom.gov.in,Drupal
csb.gov.in,WP
www.csb.gov.in,WP
gpf.csb.gov.in,WP
crs.gov.in,WP
silks.csb.gov.in,WP
dbtagriculture.bihar.gov.in,WP
cwc.gov.in,Drupal
www.cwc.gov.in,Drupal
mcdonline.nic.in,WP
vci.dahd.gov.in,Drupal
www.dae.gov.in,WP
darjeeling.gov.in,WP
community.data.gov.in,WP
event.data.gov.in,WP
www.dbtctep.gov.in,WP
visualize.data.gov.in,WP
dbtindia.gov.in,Drupal
ab.dcmsme.gov.in,Other CMS
dbtjrf.gov.in,WP
www.dbtjrf.gov.in,WP
clcss.dcmsme.gov.in,Other CMS
cluster.dcmsme.gov.in,Other CMS
www.dcmsme.gov.in,Drupal
www.ppdcagra.dcmsme.gov.in,Other CMS
ppdcagra.dcmsme.gov.in,Other CMS
msmedi.dcmsme.gov.in,Other CMS
tc.dcmsme.gov.in,Other CMS
faridabad.dcourts.gov.in,WP
golaghat.dcourts.gov.in,WP
bhiwani.dcourts.gov.in,WP
dhubri.dcourts.gov.in,WP
bilaspurhp.dcourts.gov.in,WP
dhemaji.dcourts.gov.in,WP
gurugram.dcourts.gov.in,WP
hisar.dcourts.gov.in,WP
kamrupmetro.dcourts.gov.in,WP
hailakandi.dcourts.gov.in,WP
morigaon.dcourts.gov.in,WP
lakhimpur.dcourts.gov.in,WP
namchi.dcourts.gov.in,WP
palwal.dcourts.gov.in,WP
sirmaur.dcourts.gov.in,WP
pasighat.dcourts.gov.in,WP
sonepat.dcourts.gov.in,WP
sivasagar.dcourts.gov.in,WP
surat.dcourts.gov.in,WP
wayanad.dcourts.gov.in,WP
sonitpur.dcourts.gov.in,WP
ddd.gov.in,WP
police.ddd.gov.in,WP
dda.gov.in,Drupal
www.dda.gov.in,Drupal
ddkbbsr.gov.in,Drupal
ddinews.gov.in,WP
ddnews.gov.in,WP
www.ddkbbsr.gov.in,Drupal
www.ddinews.gov.in,WP
www.ddnews.gov.in,WP
www.ddpmod.gov.in,Drupal
ddpmod.gov.in,Drupal
ddpdos.gov.in,Drupal
dehradun.gov.in,WP
dehradun.nic.in,WP
www.deendayalport.gov.in,WP
swachhbharatmission.ddws.gov.in,Drupal
dmnewdelhi.delhi.gov.in,WP
dmnorth.delhi.gov.in,WP
dmnortheast.delhi.gov.in,WP
dmeast.delhi.gov.in,WP
dmnorthwest.delhi.gov.in,WP
dmshahdara.delhi.gov.in,WP
dmsouth.delhi.gov.in,WP
dmsouthwest.delhi.gov.in,WP
dmsoutheast.delhi.gov.in,WP
rera.delhi.gov.in,Drupal
www.rera.delhi.gov.in,Drupal
traffic.delhipolice.gov.in,Drupal
depwd.gov.in,WP
derc.gov.in,Drupal
desw.gov.in,Drupal
www.derc.gov.in,Drupal
www.desw.gov.in,Drupal
igmri.dfpd.gov.in,Drupal
www.dgde.gov.in,Drupal
dgde.gov.in,Drupal
desagri.gov.in,WP
nstidehradun.dgt.gov.in,Drupal
nstihaldwani.dgt.gov.in,Drupal
dgt.gov.in,Drupal
nstihyderabad2.dgt.gov.in,Drupal
nstijamshedpur.dgt.gov.in,Drupal
nstiludhiana.dgt.gov.in,Drupal
nstiwbengaluru.dgt.gov.in,Drupal
nstiwgoa.dgt.gov.in,Drupal
nstiwjaipur.dgt.gov.in,Drupal
nstiwnoida.dgt.gov.in,Drupal
nstiwmumbai.dgt.gov.in,Drupal
nstiwpatna.dgt.gov.in,Drupal
nstiwtrivandrum.dgt.gov.in,Drupal
nstiwtura.dgt.gov.in,Drupal
rdsdeandhrapradesh.dgt.gov.in,Drupal
rdsdebihar.dgt.gov.in,Drupal
rdsdeassam.dgt.gov.in,Drupal
rdsdegujarat.dgt.gov.in,Drupal
rdsdejharkhand.dgt.gov.in,Drupal
rdsdekarnataka.dgt.gov.in,Drupal
rdsdemadhyapradesh.dgt.gov.in,Drupal
rdsdemaharashtra.dgt.gov.in,Drupal
rdsdetamilnadu.dgt.gov.in,Drupal
rdsdetelangana.dgt.gov.in,Drupal
rdsdeuttarpradesh.dgt.gov.in,Drupal
rdsdewestbengal.dgt.gov.in,Drupal
dgtr.gov.in,Drupal
www.dgtr.gov.in,Drupal
dhemaji.gov.in,Drupal
dgtelecom.gov.in,WP
dhamtari.gov.in,WP
dhubri.assam.gov.in,Drupal
dhubri.gov.in,Drupal
dhepune.gov.in,WP
www.dhepune.gov.in,WP
digibunai.dic.gov.in,Joomla
dibrugarh.gov.in,Drupal
dhule.gov.in,WP
m4agri.dic.gov.in,Joomla
dietresubelpara.gov.in,Drupal
dietnongstoin.gov.in,Drupal
dietthadlaskein.gov.in,Drupal
diksha.gov.in,Other CMS
vdn.diksha.gov.in,Other CMS
www.diksha.gov.in,Other CMS
disabilityaffairs.gov.in,WP
www.digitalpolicecitizenservices.gov.in,Other CMS
diu.gov.in,WP
www.diu.gov.in,WP
dla.gov.in,Drupal
www.dla.gov.in,Drupal
dmeo.gov.in,Drupal
dnh.gov.in,WP
www.doe.gov.in,Drupal
doe.gov.in,Drupal
dof.gov.in,WP
doj.gov.in,WP
dashboard.doj.gov.in,WP
pda.dnh.gov.in,Drupal
dolr.gov.in,WP
prasarbharati.gov.in,WP
doordarshan.gov.in,WP
www.dpl.gov.in,Joomla
dpl.gov.in,Joomla
www.dsir.gov.in,Drupal
dsndharyana.gov.in,WP
www.dst.gov.in,Drupal
durg.gov.in,WP
amravati.dvet.gov.in,WP
aurangabad.dvet.gov.in,WP
www.dvet.gov.in,WP
mumbai.dvet.gov.in,WP
dtetodisha.gov.in,WP
nagpur.dvet.gov.in,WP
nashik.dvet.gov.in,WP
pune.dvet.gov.in,WP
eastgarohills.gov.in,WP
eastjaintiahills.gov.in,WP
eastkhasihills.gov.in,WP
ecommitteesci.gov.in,WP
www.edantseva.gov.in,Drupal
chd.education.gov.in,Drupal
www.chd.education.gov.in,Drupal
www.cstt.education.gov.in,Drupal
boatwr.education.gov.in,WP
dsel.education.gov.in,Drupal
cstt.education.gov.in,Drupal
repository.education.gov.in,WP
www.egovstandards.gov.in,Drupal
egovstandards.gov.in,Drupal
embassyofindiayangon.gov.in,WP
www.embassyofindiayangon.gov.in,WP
enforcementdirectorate.gov.in,Drupal
www.enforcementdirectorate.gov.in,Drupal
eoiaddisababa.gov.in,WP
www.eprocure.gov.in,Drupal
ernakulam.nic.in,WP
ernakulam.gov.in,WP
esaharyana.gov.in,WP
fabkerala.gov.in,Joomla
www.fabkerala.gov.in,Joomla
fazilka.gov.in,WP
fatehgarhsahib.gov.in,WP
erpc.gov.in,WP
fibkerala.gov.in,Drupal
finhry.gov.in,WP
hpsn.finhry.gov.in,WP
www.finhry.gov.in,WP
www.fitindia.gov.in,WP
fitindia.gov.in,WP
gadchiroli.gov.in,WP
nflgaziabad.fssai.gov.in,WP
www.gandhismriti.gov.in,Drupal
gandhismriti.gov.in,Drupal
gbpihed.gov.in,Drupal
www.gbpihed.gov.in,Drupal
www.gcelt.gov.in,WP
gcelt.gov.in,WP
giso.gov.in,Drupal
www.gmada.gov.in,Drupal
www.gmch.gov.in,Drupal
gmch.gov.in,Drupal
cares.goa.gov.in,WP
dfes.goa.gov.in,Drupal
www.dsya.goa.gov.in,WP
dsya.goa.gov.in,WP
geda.goa.gov.in,WP
ghrdc.goa.gov.in,WP
ghb.goa.gov.in,WP
gssc.goa.gov.in,WP
infotech.goa.gov.in,WP
goawrd.gov.in,Drupal
gondia.gov.in,WP
governoruk.gov.in,WP
greentribunal.gov.in,Drupal
greene.gov.in,WP
grihkalyankendra.gov.in,Drupal
www.grihkalyankendra.gov.in,Drupal
gstauditjk.gov.in,Drupal
www.gstcouncil.gov.in,Drupal
gstcouncil.gov.in,Drupal
gurugram.gov.in,WP
www.gstnoida.gov.in,WP
hafed.gov.in,Drupal
gstmumbai.gov.in,WP
haraviation.gov.in,WP
hareda.gov.in,WP
harenvironment.gov.in,WP
hrccc.harenvironment.gov.in,WP
harfish.gov.in,Drupal
hargauseva.gov.in,WP
harprathmik.gov.in,WP
www.haryana.gov.in,WP
acb.haryana.gov.in,WP
ayushmanbharat.haryana.gov.in,WP
hartrans.gov.in,WP
commhsr.haryana.gov.in,WP
envis.haryana.gov.in,WP
gramdarshan.haryana.gov.in,WP
msme.haryana.gov.in,WP
sewa.haryana.gov.in,WP
sfc.haryana.gov.in,WP
sjeti.haryana.gov.in,WP
swa.haryana.gov.in,WP
haryanaarchives.gov.in,WP
haryanafood.gov.in,WP
haryanaforest.gov.in,WP
campa.haryanaforest.gov.in,WP
sbb.haryanaforest.gov.in,WP
haryanahealth.gov.in,WP
haryanait.gov.in,WP
haryanaassembly.gov.in,WP
haryanarajbhavan.gov.in,WP
haryanarural.gov.in,WP
haryanascbc.gov.in,Drupal
www.haryanascbc.gov.in,Drupal
haryanasports.gov.in,WP
www.haryanatransport.gov.in,Drupal
haryanatransport.gov.in,Drupal
hbh.gov.in,Other CMS
haryanavigilance.gov.in,WP
hcigeorgetown.gov.in,WP
www.hcigeorgetown.gov.in,WP
hcs.gov.in,Drupal
hfdc.gov.in,WP
old.hda.gov.in,WP
ddtg.hp.gov.in,WP
himachaldit.gov.in,WP
highereducationmanipur.gov.in,WP
hingoli.nic.in,WP
himachaltourism.gov.in,WP
hingoli.gov.in,WP
hisar.gov.in,WP
www.hmda.gov.in,WP
hooghly.gov.in,WP
hooghly.nic.in,WP
howrah.gov.in,WP
ei.hp.gov.in,Other CMS
eudyan.hp.gov.in,Other CMS
himurja.hp.gov.in,WP
techedu.hp.gov.in,Drupal
online2.hpsssb.hp.gov.in,WP
hpmc.gov.in,Other CMS
hpmandi.gov.in,WP
hpmandi.nic.in,WP
hpshimla.nic.in,WP
hpsirmaur.gov.in,WP
hpshimla.gov.in,WP
hrtreasuries.gov.in,WP
hryesi.gov.in,WP
hslsa.gov.in,WP
hwb.gov.in,Drupal
www.hwb.gov.in,Drupal
www.icar.gov.in,Drupal
aeis.icar.gov.in,WP
krishi.icar.gov.in,WP
aicrponforagecrops.icar.gov.in,Joomla
hydrobharat.gov.in,WP
aicrpspices.icar.gov.in,Drupal
ccri.icar.gov.in,Other CMS
cashewprotect.icar.gov.in,WP
cafri.icar.gov.in,WP
dmapr.icar.gov.in,Drupal
dkma.icar.gov.in,WP
dogr.icar.gov.in,Joomla
ciphet.icar.gov.in,WP
education.icar.gov.in,WP
iasri.icar.gov.in,WP
iimr.icar.gov.in,WP
icarrcer.icar.gov.in,WP
igfri.icar.gov.in,WP
iior.icar.gov.in,Drupal
iiab.icar.gov.in,WP
iivr.icar.gov.in,Drupal
calicut.kvk.icar.gov.in,Joomla
kvkalappuzha.icar.gov.in,WP
kvkernakulam.icar.gov.in,WP
nahep2.icar.gov.in,WP
nahep.icar.gov.in,WP
micensus.gov.in,Drupal
jharkhandhighcourt.nic.in,Drupal
www.keralapsc.gov.in,Drupal
rcmsmanipur.nic.in,Drupal
lddashboard.legislative.gov.in,WP
lddashboard.legislative.gov.in,WP
culturedirectorate.kerala.gov.in,WP
biharboardonline.bihar.gov.in,Drupal
nsmdc.nagaland.gov.in,WP
josaa.nic.in,WP
amravati.gov.in,WP
lucknow.nic.in,WP
dcmsme.gov.in,Drupal
sagarmala.gov.in,Drupal
krishnanagarpd.wbpolice.gov.in,WP
nagaland.gov.in,Other CMS
tn.gov.in,Drupal
www.tnhealth.tn.gov.in,WP
tourism.gov.in,Drupal
jeemain.nta.nic.in,WP
neet.nta.nic.in,WP
cewacor.nic.in,Drupal
dae.gov.in,WP
dsir.gov.in,Drupal
dahd.nic.in,Drupal
chandigarh.gov.in,Drupal
steel.gov.in,Drupal
moes.gov.in,Drupal
dst.gov.in,Drupal
leh.nic.in,WP
commerce.gov.in,WP
fireservice.tripura.gov.in,Drupal
guj.nic.in,WP
uttarkashi.gov.in,WP
raebareli.nic.in,WP
stdd.kerala.gov.in,Drupal
mcc.nic.in,WP
aiapget.nta.nic.in,WP
icar.gov.in,Drupal
del.nic.in,WP
www.hpsc.gov.in,Other CMS
state.bihar.gov.in,Other CMS
www.greentribunal.gov.in,Drupal
mmscmsguy.assam.gov.in,Drupal
www.schooleducationharyana.gov.in,WP
mnre.gov.in,WP
comtax.assam.gov.in,Drupal
csirnet.nta.nic.in,WP
upsc.gov.in,Drupal
townplanning.kerala.gov.in,WP
banda.nic.in,WP
haryana.gov.in,WP
varanasi.nic.in,WP
daman.nic.in,WP
csab.nic.in,WP
indiancitizenshiponline.nic.in,Other CMS
jkcomtax.gov.in,Drupal
lsgkerala.gov.in,Drupal
naco.gov.in,Drupal
legalservices.maharashtra.gov.in,WP
thanecity.gov.in,Other CMS
wbjeeb.nic.in,WP
ananthapuramu.ap.gov.in,WP
tmc.gov.in,Joomla
imcindore.mp.gov.in,WP
transport.mp.gov.in,Drupal
statelottery.kerala.gov.in,Joomla
nursingcouncil.kerala.gov.in,Joomla
eprocure.gov.in,Drupal
wii.gov.in,Drupal
pune.gov.in,WP
jalna.nic.in,WP
sultanpur.nic.in,WP
buxar.bih.nic.in,WP
www.mhrdnats.gov.in,Drupal
keralaagriculture.gov.in,WP
hpsc.gov.in,Other CMS
advocategeneralhry.gov.in,Drupal
py.gov.in,Drupal
up.nic.in,WP
afd.csdindia.gov.in,WP
cuddalore.nic.in,WP
thanjavur.nic.in,WP
gmada.gov.in,Drupal
fatehgarhsahib.nic.in,WP
sitapur.nic.in,WP
ayodhya.nic.in,WP
balrampur.nic.in,WP
gorakhpur.nic.in,WP
kawardha.gov.in,WP
gariaband.gov.in,WP
kamrup.assam.gov.in,Drupal
hpsirmaur.nic.in,WP
rajouri.nic.in,WP
samba.gov.in,WP
dumka.nic.in,WP
mysore.nic.in,WP
dharwad.nic.in,WP
ganderbal.nic.in,WP
ladakh.nic.in,WP
anuppur.nic.in,WP
chitrakoot.nic.in,WP
almora.nic.in,WP
chamoli.gov.in,WP
ipc.gov.in,Joomla
ranchi.nic.in,WP
coochbehar.nic.in,WP
rrrlf.nic.in,WP
ignca.gov.in,WP
kushinagar.nic.in,WP
www.upsc.gov.in,Drupal
districts.ecourts.gov.in,Drupal
assam.gov.in,Drupal
legislative.gov.in,WP
shimoga.nic.in,WP
palamu.nic.in,WP
www.iccr.gov.in,Drupal
lakshadweep.gov.in,WP
www.highereducation.kerala.gov.in,Joomla
kvsangathan.nic.in,WP
highereducation.cg.gov.in,Drupal
iica.nic.in,WP
anert.gov.in,Drupal
www.vecc.gov.in,Drupal
asapkerala.gov.in,WP
vyapam.cgstate.gov.in,Drupal
www.rgniyd.gov.in,Drupal
icro.npcindia.gov.in,WP
www.ignca.nic.in,WP
coochbehar.gov.in,WP
allahabadmc.gov.in,Other CMS
niti.gov.in,Drupal
kvs.gov.in,Drupal
aaccc.gov.in,WP
affdf.gov.in,WP
aishe.gov.in,WP
www.aishe.gov.in,WP
akola.gov.in,WP
alappuzha.gov.in,WP
akashvani.gov.in,WP
aiihph.gov.in,WP
allindiaradio.gov.in,WP
alappuzha.nic.in,WP
ambala.gov.in,WP
alipurduar.gov.in,WP
citizen.andaman.gov.in,Other CMS
www.anagrasarkalyan.gov.in,WP
anagrasarkalyan.gov.in,WP
aiia.gov.in,WP
police.andaman.gov.in,Joomla
www.police.andaman.gov.in,Joomla
ansi.gov.in,WP
www.anert.gov.in,Drupal
www.ansi.gov.in,WP
annamayya.ap.gov.in,WP
allurisitharamaraju.ap.gov.in,WP
anakapalli.ap.gov.in,WP
cdma.ap.gov.in,Drupal
bapatla.ap.gov.in,WP
chittoor.ap.gov.in,WP
eluru.ap.gov.in,WP
eastgodavari.ap.gov.in,WP
guntur.ap.gov.in,WP
kakinada.ap.gov.in,WP
kadapa.ap.gov.in,WP
konaseema.ap.gov.in,WP
krishna.ap.gov.in,WP
kurnool.ap.gov.in,WP
nandyal.ap.gov.in,WP
ntr.ap.gov.in,WP
palnadu.ap.gov.in,WP
parvathipurammanyam.ap.gov.in,WP
prakasam.ap.gov.in,WP
srikakulam.ap.gov.in,WP
spsnellore.ap.gov.in,WP
srisathyasai.ap.gov.in,WP
tirupati.ap.gov.in,WP
visakhapatnam.ap.gov.in,WP
vizianagaram.ap.gov.in,WP
westgodavari.ap.gov.in,WP
www.apps.gov.in,Drupal
apps.gov.in,Drupal
www.aptel.gov.in,Drupal
aptel.gov.in,Drupal
architecturehry.gov.in,WP
artandculturalaffairshry.gov.in,WP
eabkari.arunachal.gov.in,Drupal
asrlms.assam.gov.in,Drupal
assamaccord.assam.gov.in,Drupal
animalhusbandry.assam.gov.in,Drupal
astc.assam.gov.in,Drupal
www.assam.gov.in,Drupal
www.asapkerala.gov.in,WP
dhs.assam.gov.in,Drupal
dibrugarh.assam.gov.in,Drupal
dht.assam.gov.in,Drupal
dee.assam.gov.in,Drupal
dipr.assam.gov.in,Drupal
agrifin.assam.gov.in,WP
bongaigaon.assam.gov.in,Drupal
dlrar.assam.gov.in,Drupal
elementary.assam.gov.in,Drupal
filmfinance.assam.gov.in,Drupal
fremaa.assam.gov.in,Drupal
finance.assam.gov.in,Drupal
homeandpolitical.assam.gov.in,Drupal
hts.assam.gov.in,Drupal
labourcommissioner.assam.gov.in,Drupal
igr.assam.gov.in,Drupal
nalbari.assam.gov.in,Drupal
legislative.assam.gov.in,Drupal
madhyamik.assam.gov.in,Drupal
nagaon.assam.gov.in,Drupal
hojai.assam.gov.in,Drupal
kamrupmetro.assam.gov.in,Drupal
nhm.assam.gov.in,Drupal
parliamentaryaffairs.assam.gov.in,Drupal
police.assam.gov.in,Drupal
snt.assam.gov.in,Drupal
sonitpur.assam.gov.in,Drupal
sports.assam.gov.in,Drupal
waterresources.assam.gov.in,Drupal
aurangabad.gov.in,WP
bageshwar.gov.in,WP
balod.gov.in,WP
balodabazar.gov.in,WP
balrampur.gov.in,WP
bastar.gov.in,WP
bankura.gov.in,WP
barnala.gov.in,WP
www.barnala.gov.in,WP
beed.gov.in,WP
bhandara.gov.in,WP
bemetara.gov.in,WP
bhiwani.gov.in,WP
bijapur.gov.in,WP
biswanath.gov.in,Drupal
birbhum.gov.in,WP
bilaspur.gov.in,WP
bitm.gov.in,WP
www.bitm.gov.in,WP
beeindia.gov.in,Drupal
bongaigaon.gov.in,Drupal
bncmc.gov.in,WP
brahmaputraboard.gov.in,WP
cachar.gov.in,Drupal
cachar.dcourts.gov.in,WP
www.brahmaputraboard.gov.in,WP
iced.cag.gov.in,WP
cantt.gov.in,WP
cannanore.cantt.gov.in,WP
dehuroad.cantt.gov.in,WP
deolali.cantt.gov.in,WP
ferozepur.cantt.gov.in,WP
jabalpur.cantt.gov.in,WP
jutogh.cantt.gov.in,WP
kamptee.cantt.gov.in,WP
meerut.cantt.gov.in,WP
saugor.cantt.gov.in,WP
ranikhet.cantt.gov.in,WP
cbc.gov.in,Drupal
secunderabad.cantt.gov.in,WP
cbcindia.gov.in,WP
www.cbcindia.gov.in,WP
cca.gov.in,Drupal
www.cca.gov.in,Drupal
ccsniam.gov.in,Joomla
www.ccsniam.gov.in,Joomla
ceib.gov.in,Drupal
ceikerala.gov.in,Joomla
centralwaqfcouncil.gov.in,Drupal
cexchd1.gov.in,Drupal
ccrtindia.gov.in,WP
spc.cg.gov.in,Drupal
www.cgca.gov.in,Drupal
cgca.gov.in,Drupal
tribal.cg.gov.in,Drupal
phed.cg.gov.in,Drupal
iccr.gov.in,Drupal
cghb.gov.in,Drupal
www.cghb.gov.in,Drupal
spandan.cgpolice.gov.in,Drupal
indiainseattle.gov.in,WP
www.cgisydney.gov.in,WP
cgstamdnorth.gov.in,WP
www.cgstamdnorth.gov.in,WP
cgpolicehelp.cgstate.gov.in,Drupal
cgstrajkotappeals.gov.in,WP
www.chandigarh.gov.in,Drupal
champawat.gov.in,WP
ctuonline.chd.gov.in,WP
reeut.chd.gov.in,Drupal
www.chandigarhforest.gov.in,WP
chdca.gov.in,WP
chandigarhforest.gov.in,WP
chdctu.gov.in,Drupal
www.chdeducation.gov.in,WP
www.chdctu.gov.in,Drupal
chdfood.gov.in,Drupal
www.chdfood.gov.in,Drupal
chandigarhenvis.gov.in,Drupal
chb.gov.in,WP
chemicals.gov.in,Drupal
chennaicustoms.gov.in,WP
www.chennaicustoms.gov.in,WP
ecitizen.civilsupplieskerala.gov.in,Other CMS
ecsc.civilsupplieskerala.gov.in,Other CMS
clinicalestablishments.gov.in,Other CMS
www.clinicalestablishments.gov.in,Other CMS
www.clc.gov.in,Drupal
clc.gov.in,Drupal
cmlre.gov.in,Drupal
www.cmlre.gov.in,Drupal
cmrfodisha.gov.in,Drupal
www.cmrfodisha.gov.in,Drupal
cmmanipur.gov.in,WP
www.cmmanipur.gov.in,WP
coal.gov.in,Drupal
www.cmss.gov.in,WP
cmss.gov.in,WP
cochinport.gov.in,Drupal
www.cochinport.gov.in,Drupal
coirboard.gov.in,WP
coirservices.gov.in,WP
www.coirservices.gov.in,WP
crridom.gov.in,Drupal
www.crridom.gov.in,Drupal
csb.gov.in,WP
www.csb.gov.in,WP
gpf.csb.gov.in,WP
silks.csb.gov.in,WP
crs.gov.in,WP
dbtagriculture.bihar.gov.in,WP
www.cwc.gov.in,Drupal
cwc.gov.in,Drupal
mcdonline.nic.in,WP
vci.dahd.gov.in,Drupal
www.dae.gov.in,WP
darjeeling.gov.in,WP
community.data.gov.in,WP
event.data.gov.in,WP
www.dbtctep.gov.in,WP
dbtindia.gov.in,Drupal
visualize.data.gov.in,WP
ab.dcmsme.gov.in,Other CMS
www.dbtjrf.gov.in,WP
clcss.dcmsme.gov.in,Other CMS
www.dcmsme.gov.in,Drupal
dbtjrf.gov.in,WP
cluster.dcmsme.gov.in,Other CMS
ppdcagra.dcmsme.gov.in,Other CMS
www.ppdcagra.dcmsme.gov.in,Other CMS
msmedi.dcmsme.gov.in,Other CMS
tc.dcmsme.gov.in,Other CMS
bhiwani.dcourts.gov.in,WP
bilaspurhp.dcourts.gov.in,WP
faridabad.dcourts.gov.in,WP
golaghat.dcourts.gov.in,WP
dhemaji.dcourts.gov.in,WP
dhubri.dcourts.gov.in,WP
gurugram.dcourts.gov.in,WP
hailakandi.dcourts.gov.in,WP
hisar.dcourts.gov.in,WP
kamrupmetro.dcourts.gov.in,WP
namchi.dcourts.gov.in,WP
morigaon.dcourts.gov.in,WP
lakhimpur.dcourts.gov.in,WP
palwal.dcourts.gov.in,WP
sirmaur.dcourts.gov.in,WP
sonepat.dcourts.gov.in,WP
pasighat.dcourts.gov.in,WP
surat.dcourts.gov.in,WP
sivasagar.dcourts.gov.in,WP
wayanad.dcourts.gov.in,WP
sonitpur.dcourts.gov.in,WP
ddd.gov.in,WP
police.ddd.gov.in,WP
dda.gov.in,Drupal
www.dda.gov.in,Drupal
ddkbbsr.gov.in,Drupal
www.ddkbbsr.gov.in,Drupal
ddinews.gov.in,WP
ddnews.gov.in,WP
www.ddinews.gov.in,WP
www.ddnews.gov.in,WP
www.ddpmod.gov.in,Drupal
ddpmod.gov.in,Drupal
ddpdos.gov.in,Drupal
dehradun.gov.in,WP
dehradun.nic.in,WP
swachhbharatmission.ddws.gov.in,Drupal
www.deendayalport.gov.in,WP
dmeast.delhi.gov.in,WP
dmnorth.delhi.gov.in,WP
dmnortheast.delhi.gov.in,WP
dmnewdelhi.delhi.gov.in,WP
dmnorthwest.delhi.gov.in,WP
dmshahdara.delhi.gov.in,WP
dmsouth.delhi.gov.in,WP
dmsoutheast.delhi.gov.in,WP
dmsouthwest.delhi.gov.in,WP
rera.delhi.gov.in,Drupal
www.rera.delhi.gov.in,Drupal
depwd.gov.in,WP
traffic.delhipolice.gov.in,Drupal
derc.gov.in,Drupal
www.derc.gov.in,Drupal
desw.gov.in,Drupal
www.desw.gov.in,Drupal
igmri.dfpd.gov.in,Drupal
www.dgde.gov.in,Drupal
dgde.gov.in,Drupal
desagri.gov.in,WP
dgt.gov.in,Drupal
nstidehradun.dgt.gov.in,Drupal
nstihaldwani.dgt.gov.in,Drupal
nstijamshedpur.dgt.gov.in,Drupal
nstihyderabad2.dgt.gov.in,Drupal
nstiludhiana.dgt.gov.in,Drupal
nstiwbengaluru.dgt.gov.in,Drupal
nstiwgoa.dgt.gov.in,Drupal
nstiwjaipur.dgt.gov.in,Drupal
nstiwnoida.dgt.gov.in,Drupal
nstiwpatna.dgt.gov.in,Drupal
nstiwmumbai.dgt.gov.in,Drupal
nstiwtrivandrum.dgt.gov.in,Drupal
rdsdeandhrapradesh.dgt.gov.in,Drupal
nstiwtura.dgt.gov.in,Drupal
rdsdeassam.dgt.gov.in,Drupal
rdsdebihar.dgt.gov.in,Drupal
rdsdegujarat.dgt.gov.in,Drupal
rdsdejharkhand.dgt.gov.in,Drupal
rdsdekarnataka.dgt.gov.in,Drupal
rdsdemadhyapradesh.dgt.gov.in,Drupal
rdsdemaharashtra.dgt.gov.in,Drupal
rdsdetamilnadu.dgt.gov.in,Drupal
rdsdetelangana.dgt.gov.in,Drupal
rdsdeuttarpradesh.dgt.gov.in,Drupal
dgtr.gov.in,Drupal
rdsdewestbengal.dgt.gov.in,Drupal
www.dgtr.gov.in,Drupal
dhemaji.gov.in,Drupal
dhamtari.gov.in,WP
dgtelecom.gov.in,WP
dhubri.gov.in,Drupal
dhubri.assam.gov.in,Drupal
dhepune.gov.in,WP
www.dhepune.gov.in,WP
dibrugarh.gov.in,Drupal
digibunai.dic.gov.in,Joomla
dhule.gov.in,WP
m4agri.dic.gov.in,Joomla
dietresubelpara.gov.in,Drupal
dietthadlaskein.gov.in,Drupal
dietnongstoin.gov.in,Drupal
diksha.gov.in,Other CMS
vdn.diksha.gov.in,Other CMS
www.diksha.gov.in,Other CMS
disabilityaffairs.gov.in,WP
www.digitalpolicecitizenservices.gov.in,Other CMS
diu.gov.in,WP
www.diu.gov.in,WP
dla.gov.in,Drupal
www.dla.gov.in,Drupal
dmeo.gov.in,Drupal
doe.gov.in,Drupal
dnh.gov.in,WP
www.doe.gov.in,Drupal
doj.gov.in,WP
dof.gov.in,WP
pda.dnh.gov.in,Drupal
dashboard.doj.gov.in,WP
dolr.gov.in,WP
prasarbharati.gov.in,WP
doordarshan.gov.in,WP
www.dpl.gov.in,Joomla
dpl.gov.in,Joomla
www.dsir.gov.in,Drupal
dsndharyana.gov.in,WP
www.dst.gov.in,Drupal
durg.gov.in,WP
amravati.dvet.gov.in,WP
aurangabad.dvet.gov.in,WP
www.dvet.gov.in,WP
dtetodisha.gov.in,WP
mumbai.dvet.gov.in,WP
nagpur.dvet.gov.in,WP
nashik.dvet.gov.in,WP
pune.dvet.gov.in,WP
eastjaintiahills.gov.in,WP
eastkhasihills.gov.in,WP
eastgarohills.gov.in,WP
ecommitteesci.gov.in,WP
www.edantseva.gov.in,Drupal
chd.education.gov.in,Drupal
www.chd.education.gov.in,Drupal
www.cstt.education.gov.in,Drupal
dsel.education.gov.in,Drupal
cstt.education.gov.in,Drupal
boatwr.education.gov.in,WP
egazette.gov.in,Other CMS
repository.education.gov.in,WP
www.egovstandards.gov.in,Drupal
egovstandards.gov.in,Drupal
embassyofindiayangon.gov.in,WP
www.embassyofindiayangon.gov.in,WP
enforcementdirectorate.gov.in,Drupal
www.enforcementdirectorate.gov.in,Drupal
eoiaddisababa.gov.in,WP
www.eprocure.gov.in,Drupal
ernakulam.nic.in,WP
ernakulam.gov.in,WP
esaharyana.gov.in,WP
erpc.gov.in,WP
www.fabkerala.gov.in,Joomla
fatehgarhsahib.gov.in,WP
fazilka.gov.in,WP
fibkerala.gov.in,Drupal
www.fibkerala.gov.in,Drupal
finhry.gov.in,WP
hpsn.finhry.gov.in,WP
www.finhry.gov.in,WP
fitindia.gov.in,WP
www.fitindia.gov.in,WP
nflgaziabad.fssai.gov.in,WP
gadchiroli.gov.in,WP
gandhismriti.gov.in,Drupal
www.gandhismriti.gov.in,Drupal
gbpihed.gov.in,Drupal
www.gbpihed.gov.in,Drupal
www.gcelt.gov.in,WP
gcelt.gov.in,WP
giso.gov.in,Drupal
www.gmada.gov.in,Drupal
www.gmch.gov.in,Drupal
gmch.gov.in,Drupal
cares.goa.gov.in,WP
dfes.goa.gov.in,Drupal
www.dsya.goa.gov.in,WP
dsya.goa.gov.in,WP
geda.goa.gov.in,WP
ghrdc.goa.gov.in,WP
ghb.goa.gov.in,WP
gssc.goa.gov.in,WP
infotech.goa.gov.in,WP
goawrd.gov.in,Drupal
governoruk.gov.in,WP
gondia.gov.in,WP
greentribunal.gov.in,Drupal
www.grihkalyankendra.gov.in,Drupal
grihkalyankendra.gov.in,Drupal
greene.gov.in,WP
www.gstcouncil.gov.in,Drupal
gstcouncil.gov.in,Drupal
gurugram.gov.in,WP
hafed.gov.in,Drupal
www.gstnoida.gov.in,WP
haraviation.gov.in,WP
hareda.gov.in,WP
gstmumbai.gov.in,WP
harenvironment.gov.in,WP
harfish.gov.in,Drupal
hrccc.harenvironment.gov.in,WP
hargauseva.gov.in,WP
harprathmik.gov.in,WP
hartrans.gov.in,WP
www.haryana.gov.in,WP
acb.haryana.gov.in,WP
ayushmanbharat.haryana.gov.in,WP
commhsr.haryana.gov.in,WP
envis.haryana.gov.in,WP
gramdarshan.haryana.gov.in,WP
msme.haryana.gov.in,WP
sewa.haryana.gov.in,WP
sfc.haryana.gov.in,WP
sjeti.haryana.gov.in,WP
swa.haryana.gov.in,WP
haryanaarchives.gov.in,WP
haryanafood.gov.in,WP
haryanaforest.gov.in,WP
campa.haryanaforest.gov.in,WP
sbb.haryanaforest.gov.in,WP
haryanahealth.gov.in,WP
haryanait.gov.in,WP
haryanaassembly.gov.in,WP
haryanarajbhavan.gov.in,WP
haryanarural.gov.in,WP
haryanascbc.gov.in,Drupal
www.haryanascbc.gov.in,Drupal
haryanasports.gov.in,WP
haryanatransport.gov.in,Drupal
www.haryanatransport.gov.in,Drupal
haryanavigilance.gov.in,WP
hbh.gov.in,Other CMS
hcigeorgetown.gov.in,WP
www.hcigeorgetown.gov.in,WP
hcs.gov.in,Drupal
old.hda.gov.in,WP
hfdc.gov.in,WP
highereducationmanipur.gov.in,WP
ddtg.hp.gov.in,WP
himachaldit.gov.in,WP
hingoli.nic.in,WP
himachaltourism.gov.in,WP
hisar.gov.in,WP
www.hmda.gov.in,WP
hooghly.gov.in,WP
hooghly.nic.in,WP
howrah.gov.in,WP
ei.hp.gov.in,Other CMS
eudyan.hp.gov.in,Other CMS
himurja.hp.gov.in,WP
techedu.hp.gov.in,Drupal
online2.hpsssb.hp.gov.in,WP
hpmc.gov.in,Other CMS
hpmandi.gov.in,WP
hpmandi.nic.in,WP
hpshimla.gov.in,WP
hpshimla.nic.in,WP
hpsirmaur.gov.in,WP
www.hptax.gov.in,WP
hptax.gov.in,WP
hrtreasuries.gov.in,WP
hryesi.gov.in,WP
hslsa.gov.in,WP
hwb.gov.in,Drupal
www.hwb.gov.in,Drupal
www.icar.gov.in,Drupal
aeis.icar.gov.in,WP
krishi.icar.gov.in,WP
aicrponforagecrops.icar.gov.in,Joomla
aicrpspices.icar.gov.in,Drupal
cashewprotect.icar.gov.in,WP
ccri.icar.gov.in,Other CMS
hydrobharat.gov.in,WP
cafri.icar.gov.in,WP
dmapr.icar.gov.in,Drupal
dogr.icar.gov.in,Joomla
education.icar.gov.in,WP
ciphet.icar.gov.in,WP
dkma.icar.gov.in,WP
iasri.icar.gov.in,WP
iimr.icar.gov.in,WP
icarrcer.icar.gov.in,WP
iior.icar.gov.in,Drupal
igfri.icar.gov.in,WP
iivr.icar.gov.in,Drupal
iiab.icar.gov.in,WP
calicut.kvk.icar.gov.in,Joomla
kvkalappuzha.icar.gov.in,WP
kvkernakulam.icar.gov.in,WP
kvktumakuru2.icar.gov.in,WP
nahep.icar.gov.in,WP
nahep2.icar.gov.in,WP
niasm.icar.gov.in,Drupal
nbsslup.icar.gov.in,WP
nibsm.icar.gov.in,Joomla
nbagr.icar.gov.in,WP
nrcmithun.icar.gov.in,Drupal
sugarcane.icar.gov.in,WP
qms.icar.gov.in,Drupal
testicar.icar.gov.in,Drupal
spices.icar.gov.in,Drupal
ifp.icfre.gov.in,WP
www.ies.gov.in,WP
ies.gov.in,WP
idukki.nic.in,WP
idukki.gov.in,WP
iilm.gov.in,Drupal
iimc.gov.in,Drupal
www.iimc.gov.in,Drupal
igrms.gov.in,Drupal
ikm.gov.in,Drupal
www.ilearn.gov.in,WP
ilearn.gov.in,WP
dsp.imdpune.gov.in,Other CMS
incometaxnortheast.gov.in,WP
indbiz.gov.in,WP
indembassyuae.gov.in,WP
www.indembassyuae.gov.in,WP
indembassyseoul.gov.in,Drupal
www.indembassyseoul.gov.in,Drupal
covid19.india.gov.in,WP
guidelines.india.gov.in,WP
vahan.parivahan.gov.in,Drupal
www.tn.gov.in,Drupal
yas.nic.in,Drupal
cms.tn.gov.in,Drupal
ncw.nic.in,Drupal
cea.nic.in,WP
pds.jharkhand.gov.in,Joomla
raipur.gov.in,WP
meacms.mea.gov.in,Other CMS
nss.gov.in,Drupal
meghalaya.gov.in,Drupal
cpao.nic.in,WP
nclt.gov.in,Drupal
www.daman.nic.in,WP
wdsc.telangana.gov.in,Other CMS
warangal.telangana.gov.in,WP
vikarabad.telangana.gov.in,WP
jagtial.telangana.gov.in,WP
bijnor.nic.in,WP
aquaptax.mcgm.gov.in,Other CMS
dor.gov.in,Drupal
aizawl.nic.in,WP
ossopca.nic.in,WP
indiaculture.gov.in,Drupal
www.indiaculture.gov.in,Drupal
www.indiainseattle.gov.in,WP
icms.indianrail.gov.in,Other CMS
cms.indianrail.gov.in,WP
indiascienceandtechnology.gov.in,Drupal
www.indiascienceandtechnology.gov.in,Drupal
interstatecouncil.gov.in,WP
www.ipc.gov.in,Joomla
www.ipft.gov.in,Other CMS
ipft.gov.in,Other CMS
cms.irsofficersonline.gov.in,Other CMS
itiharyana.gov.in,Drupal
itpolicyup.gov.in,WP
www.iwai.gov.in,Drupal
iwai.gov.in,Drupal
jalgaon.gov.in,WP
jalna.gov.in,WP
jalshakti.gov.in,Drupal
jalpaiguri.gov.in,WP
jaljeevanmission.gov.in,Drupal
jammu.gov.in,WP
jashpur.gov.in,WP
jhargram.gov.in,WP
www.jhargram.gov.in,WP
jind.gov.in,WP
rcms.jk.gov.in,Drupal
jkpoliceeservices.gov.in,Other CMS
kaithal.gov.in,WP
kanker.gov.in,WP
kalimpong.gov.in,WP
kannur.gov.in,WP
kannur.nic.in,WP
kapurthala.gov.in,WP
karaikal.gov.in,WP
karbianglong.gov.in,Drupal
karnal.gov.in,WP
arogya.karnataka.gov.in,Joomla
www.arogya.karnataka.gov.in,Joomla
bwsajala.karnataka.gov.in,WP
csg.karnataka.gov.in,WP
eofficecitizen.karnataka.gov.in,Other CMS
ccms.karnataka.gov.in,Other CMS
kasargod.gov.in,WP
kasargod.nic.in,WP
kasez.gov.in,WP
ceds.kerala.gov.in,Joomla
casmvk.kerala.gov.in,WP
www.clr.kerala.gov.in,Joomla
clr.kerala.gov.in,Joomla
cmd.kerala.gov.in,WP
www.cmopcmg.kerala.gov.in,Other CMS
collegiateedu.kerala.gov.in,WP
coir.kerala.gov.in,WP
cooperation.kerala.gov.in,WP
consumeraffairs.kerala.gov.in,WP
www.dairydevelopment.kerala.gov.in,Joomla
dairydevelopment.kerala.gov.in,Joomla
www.dc.kerala.gov.in,WP
dc.kerala.gov.in,WP
dentalcouncil.kerala.gov.in,WP
dme.kerala.gov.in,Joomla
www.dme.kerala.gov.in,Joomla
dic.kerala.gov.in,Joomla
dmg.kerala.gov.in,WP
dslr.kerala.gov.in,WP
archive.education.kerala.gov.in,Joomla
ehealth.kerala.gov.in,Drupal
employment.kerala.gov.in,WP
eitd.kerala.gov.in,WP
envt.kerala.gov.in,WP
education.kerala.gov.in,WP
www.education.kerala.gov.in,WP
old.forest.kerala.gov.in,Joomla
www.gadsplais.kerala.gov.in,Joomla
gad.kerala.gov.in,Drupal
fire.kerala.gov.in,WP
www.keralaexcise.gov.in,WP
foodsafety.kerala.gov.in,WP
www.excise.kerala.gov.in,WP
hed.kerala.gov.in,Joomla
www.hed.kerala.gov.in,Joomla
highereducation.kerala.gov.in,Joomla
groundwater.kerala.gov.in,WP
hsgtechdept.kerala.gov.in,WP
ims.kerala.gov.in,Drupal
www.ims.kerala.gov.in,Drupal
industry.kerala.gov.in,Joomla
www.insurance.kerala.gov.in,Joomla
iccs.kerala.gov.in,WP
insurance.kerala.gov.in,Joomla
homoeopathy.kerala.gov.in,WP
itmission.kerala.gov.in,Drupal
kbps.kerala.gov.in,Joomla
irrigation.kerala.gov.in,Drupal
www.kexcon.kerala.gov.in,Joomla
keralacseb.kerala.gov.in,WP
kdrb.kerala.gov.in,WP
kiidc.kerala.gov.in,WP
kirtads.kerala.gov.in,WP
kriis.kerala.gov.in,WP
kpesrb.kerala.gov.in,WP
ksd.kerala.gov.in,Joomla
www.ksd.kerala.gov.in,Joomla
ksc.kerala.gov.in,WP
ksad.kerala.gov.in,WP
www.kshb.kerala.gov.in,WP
kshb.kerala.gov.in,WP
www.kslub.kerala.gov.in,WP
kslub.kerala.gov.in,WP
www.kstc.kerala.gov.in,WP
kstc.kerala.gov.in,WP
www.ktdfc.kerala.gov.in,Joomla
ktdfc.kerala.gov.in,Joomla
ksbc.kerala.gov.in,WP
ksvc.kerala.gov.in,WP
www.lfa.kerala.gov.in,Joomla
ksywb.kerala.gov.in,WP
lifemission.kerala.gov.in,Drupal
malabardevaswom.kerala.gov.in,Joomla
www.malabardevaswom.kerala.gov.in,Joomla
www.mcc.kerala.gov.in,Joomla
lmd.kerala.gov.in,WP
mcc.kerala.gov.in,Joomla
kwa.kerala.gov.in,WP
livestock.kerala.gov.in,WP
medicalcouncil.kerala.gov.in,WP
mvd.kerala.gov.in,Drupal
mm.kerala.gov.in,WP
patentcentre.kerala.gov.in,WP
nirmithi.kerala.gov.in,WP
statenirmithi.kerala.gov.in,WP
nregs.kerala.gov.in,WP
www.prd.kerala.gov.in,Drupal
prd.kerala.gov.in,Drupal
odepc.kerala.gov.in,WP
psc.kerala.gov.in,Drupal
printing.kerala.gov.in,WP
rajbhavan.kerala.gov.in,Joomla
www.rajbhavan.kerala.gov.in,Joomla
rebuild.kerala.gov.in,WP
sainikwelfare.kerala.gov.in,WP
sha.kerala.gov.in,WP
prdlive.kerala.gov.in,WP
scert.kerala.gov.in,WP
slna.kerala.gov.in,Drupal
shm.kerala.gov.in,WP
spfu.kerala.gov.in,Joomla
www.scert.kerala.gov.in,WP
www.socialaudit.kerala.gov.in,WP
www.statelottery.kerala.gov.in,Joomla
sribs.kerala.gov.in,WP
www.stdd.kerala.gov.in,Drupal
www.vhscap.kerala.gov.in,Other CMS
vhscap.kerala.gov.in,Other CMS
vhse.kerala.gov.in,Joomla
www.vhse.kerala.gov.in,Joomla
trida.kerala.gov.in,Drupal
www.trida.kerala.gov.in,Drupal
reg.keralaenergy.gov.in,Drupal
keralaenergy.gov.in,WP
www.keralaenergy.gov.in,WP
www.keralaagriculture.gov.in,WP
keralamvd.gov.in,Drupal
keralaexcise.gov.in,WP
keralapsc.gov.in,Drupal
forum.keralawomen.gov.in,Drupal
kollamcorporation.gov.in,Drupal
kolhapur.gov.in,WP
kollam.nic.in,WP
kondagaon.gov.in,WP
korba.gov.in,WP
kollam.gov.in,WP
korea.gov.in,WP
kottayam.nic.in,WP
kottayam.gov.in,WP
kozhikode.nic.in,WP
kvkcalicut.gov.in,Joomla
kurukshetra.gov.in,WP
robangalore.kvs.gov.in,WP
kozhikode.gov.in,WP
rodehradun.kvs.gov.in,WP
robhubaneswar.kvs.gov.in,WP
rodelhi.kvs.gov.in,WP
rojabalpur.kvs.gov.in,WP
rojammu.kvs.gov.in,WP
rosilchar.kvs.gov.in,WP
zietgwalior.kvs.gov.in,WP
labdirodisha.gov.in,Drupal
zietmysore.kvs.gov.in,WP
citizenportalpolice.ladakh.gov.in,Other CMS
cgit.labour.gov.in,Drupal
olwboard.labdirodisha.gov.in,Drupal
ladakh.gov.in,WP
lawmin.gov.in,Drupal
sargam.lbsnaa.gov.in,Other CMS
latur.gov.in,WP
legalaffairs.gov.in,Drupal
citizen.lsgkerala.gov.in,Other CMS
anthoormunicipality.lsgkerala.gov.in,Drupal
kannurcorporation.lsgkerala.gov.in,Drupal
impactkerala.lsgkerala.gov.in,Drupal
kondottymunicipality.lsgkerala.gov.in,Drupal
parappanangadimunicipality.lsgkerala.gov.in,Drupal
piravommunicipality.lsgkerala.gov.in,Drupal
tanurmunicipality.lsgkerala.gov.in,Drupal
sulthanbatherymunicipality.lsgkerala.gov.in,Drupal
kozhikodecorporation.lsgkerala.gov.in,Drupal
thamarassery.lsgkerala.gov.in,Drupal
urban.lsgkerala.gov.in,Drupal
thrissurcorporation.lsgkerala.gov.in,Drupal
wadakancherymunicipality.lsgkerala.gov.in,Drupal
tmc.lsgkerala.gov.in,Drupal
mahafireservice.gov.in,WP
www.mahafireservice.gov.in,WP
rcms.mahafood.gov.in,Drupal
citizen.mahapolice.gov.in,Other CMS
ahd.maharashtra.gov.in,Drupal
dgipr.maharashtra.gov.in,Drupal
dtp.maharashtra.gov.in,Drupal
gad.maharashtra.gov.in,WP
cultural.maharashtra.gov.in,WP
dte.maharashtra.gov.in,WP
gsda.maharashtra.gov.in,WP
mahakosh.maharashtra.gov.in,Joomla
mahatextile.maharashtra.gov.in,WP
www.mamfdc.maharashtra.gov.in,Drupal
mahaegs.maharashtra.gov.in,WP
obcbahujankalyan.maharashtra.gov.in,Drupal
www.mwrra.maharashtra.gov.in,WP
mwrra.maharashtra.gov.in,WP
trafficpolicemumbai.maharashtra.gov.in,WP
mahasamund.gov.in,WP
www.maharashtratourism.gov.in,WP
maharashtratourism.gov.in,WP
highwaypolice.maharashtra.gov.in,WP
mahe.gov.in,WP
mahendragarh.gov.in,WP
malappuram.gov.in,WP
malappuram.nic.in,WP
malda.gov.in,WP
www.malda.gov.in,WP
www.makeinindiadefence.gov.in,WP
www.manipurpolice.gov.in,WP
manipurpolice.gov.in,WP
www.manipursrlm.gov.in,WP
manipursrlm.gov.in,WP
mansa.gov.in,WP
mansa.nic.in,WP
manipurtourism.gov.in,WP
shabdakosh.marathi.gov.in,Drupal
directorate.marathi.gov.in,WP
mcacms.gov.in,Other CMS
www.mcacms.gov.in,Other CMS
vishwakosh.marathi.gov.in,WP
rmvs.marathi.gov.in,WP
sahitya.marathi.gov.in,WP
mbda.gov.in,Drupal
mcg.gov.in,WP
www.mcg.gov.in,WP
adv.mcg.gov.in,WP
mczma.gov.in,Drupal
mdmsmeghalaya.gov.in,Drupal
citizeneyes.meghalaya.gov.in,Other CMS
www.meghalaya.gov.in,Drupal
msip.megeducation.gov.in,WP
meghomeguards.gov.in,Drupal
citizen.megpolice.gov.in,Other CMS
megpolice.gov.in,Drupal
coenrm.megplanning.gov.in,WP
mes.gov.in,Drupal
www.mes.gov.in,Drupal
merc.gov.in,WP
new.merc.gov.in,WP
housing.mhada.gov.in,WP
mhrdnats.gov.in,Drupal
www.mhada.gov.in,Drupal
sia.mic.gov.in,WP
toycathon.mic.gov.in,WP
ministryoftextiles.gov.in,Drupal
mib.gov.in,WP
www.mib.gov.in,WP
rajbhavan.mizoram.gov.in,WP
manireda.mn.gov.in,WP
www.mnre.gov.in,WP
north24parganas.gov.in,Drupal
www.north24parganas.gov.in,Drupal
northgarohills.gov.in,WP
www.nrsc.gov.in,Drupal
northgoa.gov.in,WP
nrce.gov.in,WP
www.nsgm.gov.in,Drupal
kpsc.nscd.gov.in,WP
nsws.gov.in,Drupal
www.nsws.gov.in,Drupal
nscd.gov.in,WP
nuh.gov.in,WP
nwm.gov.in,Drupal
nwic.gov.in,WP
ntca.gov.in,WP
odishafshgscd.gov.in,Drupal
www.odishapolice.gov.in,Drupal
odishapolice.gov.in,Drupal
odishavigilance.gov.in,WP
www.odishavigilance.gov.in,WP
osmanabad.gov.in,WP
palakkad.gov.in,WP
palwal.gov.in,WP
palakkad.nic.in,WP
panchayat.gov.in,WP
palghar.gov.in,WP
www.panchayat.gov.in,WP
panipat.gov.in,WP
parbhani.gov.in,WP
paschimbardhaman.gov.in,WP
paschimmedinipur.gov.in,WP
pashudhanharyana.gov.in,Drupal
www.paschimmedinipur.gov.in,WP
pathanamthitta.nic.in,WP
pathanamthitta.gov.in,WP
pbsec.gov.in,Joomla
pharmaceuticals.gov.in,Drupal
www.pheoodisha.gov.in,Drupal
pheoodisha.gov.in,Drupal
www.plantauthority.gov.in,Drupal
pithoragarh.gov.in,WP
www.pmcares.gov.in,Other CMS
pmcares.gov.in,Other CMS
pithoragarh.nic.in,WP
pmjay.gov.in,Drupal
www.pmjay.gov.in,Drupal
pmc.gov.in,Drupal
www.pmc.gov.in,Drupal
powermin.gov.in,Drupal
ppqs.gov.in,Drupal
presentations.gov.in,WP
prosecutionhry.gov.in,WP
pulwama.gov.in,WP
armedpolice.punjab.gov.in,WP
eservices.punjab.gov.in,WP
www.eservices.punjab.gov.in,WP
rcms.punjab.gov.in,Other CMS
ercms.punjab.gov.in,Drupal
puda.punjab.gov.in,WP
punjabjudiciary.gov.in,Drupal
purbamedinipur.gov.in,WP
purulia.gov.in,WP
jalandharcity.punjabpolice.gov.in,WP
www.purbamedinipurpolice.gov.in,WP
gst.py.gov.in,Drupal
raigarh.gov.in,WP
raigad.gov.in,WP
statistics.py.gov.in,Drupal
fisheries.py.gov.in,Drupal
change.rajasthan.gov.in,Other CMS
dmrelief.rajasthan.gov.in,Joomla
devasthan.rajasthan.gov.in,WP
gcms.rajasthan.gov.in,Other CMS
gad.rajasthan.gov.in,WP
mines.rajasthan.gov.in,Other CMS
rajnandgaon.nic.in,WP
rajnandgaon.gov.in,WP
ramban.gov.in,WP
rajbhavansikkim.gov.in,WP
ratnagiri.gov.in,WP
rcsharyana.gov.in,Other CMS
rcmysore.gov.in,WP
revenueharyana.gov.in,WP
rewari.gov.in,WP
ribhoi.gov.in,WP
rohtak.gov.in,WP
www.rmrcbbsr.gov.in,WP
www.rrbahmedabad.gov.in,WP
rrrlf.gov.in,WP
www.rrrlf.gov.in,WP
rrbahmedabad.gov.in,WP
rtiharyana.gov.in,Other CMS
rrbsecunderabad.gov.in,WP
rscbhopal.gov.in,WP
rudraprayag.gov.in,WP
rscnagpur.gov.in,WP
auth.s3waas.gov.in,Drupal
s32f37d10131f2a483a8dd005b3d14b0d9.s3waas.gov.in,WP
s3194cf6c2de8e00c05fcf16c498adc7bf.s3waas.gov.in,WP
s32d2ca7eedf739ef4c3800713ec482e1a.s3waas.gov.in,WP
s33493894fa4ea036cfc6433c3e2ee63b0.s3waas.gov.in,WP
s30bb4aec1710521c12ee76289d9440817.s3waas.gov.in,WP
s32723d092b63885e0d7c260cc007e8b9d.s3waas.gov.in,WP
s366808e327dc79d135ba18e051673d906.s3waas.gov.in,WP
s367f7fb873eaf29526a11a9b7ac33bfac.s3waas.gov.in,WP
s35d6646aad9bcc0be55b2c82f69750387.s3waas.gov.in,WP
s397e8527feaf77a97fc38f34216141515.s3waas.gov.in,WP
s36cd67d9b6f0150c77bda2eda01ae484c.s3waas.gov.in,WP
s398e6f17209029f4ae6dc9d88ec8eac2c.s3waas.gov.in,WP
s3b137fdd1f79d56c7edf3365fea7520f2.s3waas.gov.in,WP
s3c52f1bd66cc19d05628bd8bf27af3ad6.s3waas.gov.in,WP
s3c4ca4238a0b923820dcc509a6f75849b.s3waas.gov.in,WP
s3d79c6256b9bdac53a55801a066b70da3.s3waas.gov.in,WP
s3c81e728d9d4c2f636f067f89cc14862c.s3waas.gov.in,WP
s3ef575e8837d065a1683c022d2077d342.s3waas.gov.in,WP
www.sagarmala.gov.in,Drupal
s3kv011a846fe7a5fa4b4b6d1eca45b228.s3waas.gov.in,WP
s3kv01884d38e5c9337e2e297bfc0fa169.s3waas.gov.in,WP
s3fccb3cdc9acc14a6e70a12f74560c026.s3waas.gov.in,WP
sangli.gov.in,WP
dcms.sci.gov.in,Other CMS
www.satara.gov.in,WP
scertharyana.gov.in,WP
schooleducationharyana.gov.in,WP
scms.gov.in,Other CMS
suswagatam.sci.gov.in,Other CMS
scosta.gov.in,WP
secharyana.gov.in,WP
sbm.gov.in,Drupal
seepz.gov.in,WP
www.seepz.gov.in,WP
sfio.gov.in,WP
sezindia.gov.in,Drupal
excise.sikkim.gov.in,Drupal
industries.sikkim.gov.in,WP
sikkim.nic.in,WP
sindhudurg.gov.in,WP
sindhudurg.nic.in,WP
sirsa.gov.in,WP
skilldevelopment.gov.in,Drupal
ipr.sikkim.gov.in,WP
www.skilldevelopment.gov.in,Drupal
smartcities.gov.in,Drupal
socialjusticehry.gov.in,WP
solapur.gov.in,WP
sonitpur.gov.in,Drupal
southwestgarohills.gov.in,WP
sonipat.gov.in,WP
spl.gov.in,Joomla
southgarohills.gov.in,WP
www.spl.gov.in,Joomla
southwestkhasihills.gov.in,WP
srinagar.gov.in,WP
srinagar.nic.in,WP
investorconnect.startupindia.gov.in,WP
surajpur.nic.in,WP
surajpur.gov.in,WP
sukma.gov.in,WP
surguja.gov.in,WP
swagatam.gov.in,Other CMS
dcjsr.swagatam.gov.in,Other CMS
swachhbharatmission.gov.in,Drupal
tcpo.gov.in,Drupal
tbboard.gov.in,WP
techeduhry.gov.in,Drupal
ai.telangana.gov.in,WP
droneacademy.telangana.gov.in,WP
bhoopalapally.telangana.gov.in,WP
adilabad.telangana.gov.in,WP
gadwal.telangana.gov.in,WP
hyderabad.telangana.gov.in,WP
hanumakonda.telangana.gov.in,WP
jangaon.telangana.gov.in,WP
invest.telangana.gov.in,WP
kamareddy.telangana.gov.in,WP
khammam.telangana.gov.in,WP
karimnagar.telangana.gov.in,WP
kothagudem.telangana.gov.in,WP
knruhs.telangana.gov.in,WP
www.knruhs.telangana.gov.in,WP
mahabubabad.telangana.gov.in,WP
mancherial.telangana.gov.in,WP
mahabubnagar.telangana.gov.in,WP
medak.telangana.gov.in,WP
mulugu.telangana.gov.in,WP
nalgonda.telangana.gov.in,WP
nagarkurnool.telangana.gov.in,WP
nirmal.telangana.gov.in,WP
narayanpet.telangana.gov.in,WP
rajannasircilla.telangana.gov.in,WP
rangareddy.telangana.gov.in,WP
peddapalli.telangana.gov.in,WP
nizamabad.telangana.gov.in,WP
sangareddy.telangana.gov.in,WP
siddipet.telangana.gov.in,WP
startup.telangana.gov.in,WP
suryapet.telangana.gov.in,WP
tfiber.telangana.gov.in,WP
teamtsic.telangana.gov.in,WP
www.teamtsic.telangana.gov.in,WP
tscw.telangana.gov.in,WP
www.wdsc.telangana.gov.in,Other CMS
tworks.telangana.gov.in,Other CMS
yadadri.telangana.gov.in,WP
wehub.telangana.gov.in,WP
womensafetywing.telangana.gov.in,WP
texmin.gov.in,Drupal
wanaparthy.telangana.gov.in,WP
thane.gov.in,WP
tirupaticentralexcise.gov.in,WP
thane.nic.in,WP
artandculture.tn.gov.in,Drupal
www.artandculture.tn.gov.in,Drupal
www.ckicp.tn.gov.in,Joomla
cmsdme.tn.gov.in,Other CMS
cmwssb.tn.gov.in,Drupal
www.gmcramnad.tn.gov.in,WP
www.mmc.tn.gov.in,WP
mmc.tn.gov.in,WP
nhm.tn.gov.in,Drupal
www.nhm.tn.gov.in,Drupal
tamilnaducareerservices.tn.gov.in,WP
tamilvalarchithurai.tn.gov.in,WP
www.tansismart.tn.gov.in,Other CMS
www.tamilvalarchithurai.tn.gov.in,WP
www.tnagrisnet.tn.gov.in,Other CMS
tnagrisnet.tn.gov.in,Other CMS
tnesevai.tn.gov.in,Other CMS
www.tnesevai.tn.gov.in,Other CMS
spc.tn.gov.in,WP
www.spc.tn.gov.in,WP
tntribalwelfare.tn.gov.in,WP
www.tnsocialwelfare.tn.gov.in,Drupal
www.twadboard.tn.gov.in,Drupal
www.tnurbantree.tn.gov.in,WP
tnarch.gov.in,Drupal
www.tnarch.gov.in,Drupal
tnpcb.gov.in,Other CMS
www.tnpcb.gov.in,Other CMS
tnrajbhavan.gov.in,WP
www.tnrajbhavan.gov.in,WP
agartalasmartcity.tripura.gov.in,Drupal
ardd.tripura.gov.in,Drupal
www.ardd.tripura.gov.in,Drupal
agri.tripura.gov.in,Drupal
www.agri.tripura.gov.in,Drupal
bcscl.tripura.gov.in,Drupal
biodiversity.tripura.gov.in,Drupal
biotechnologycouncil.tripura.gov.in,Drupal
cooperation.tripura.gov.in,Drupal
dif.tripura.gov.in,Drupal
dme.tripura.gov.in,Drupal
dste.tripura.gov.in,Drupal
employment.tripura.gov.in,Drupal
elementaryeducation.tripura.gov.in,Drupal
finance.tripura.gov.in,Drupal
fisheries.tripura.gov.in,Drupal
gaar.tripura.gov.in,Drupal
www.health.tripura.gov.in,Drupal
health.tripura.gov.in,Drupal
horti.tripura.gov.in,Drupal
forest.tripura.gov.in,WP
kokborokoml.tripura.gov.in,Drupal
ica.tripura.gov.in,Drupal
jica.tripura.gov.in,Drupal
industries.tripura.gov.in,Drupal
labour.tripura.gov.in,Drupal
nursingcouncil.tripura.gov.in,Drupal
www.prisons.tripura.gov.in,Drupal
obcw.tripura.gov.in,Drupal
prisons.tripura.gov.in,Drupal
planning.tripura.gov.in,Drupal
political.tripura.gov.in,Drupal
rera.tripura.gov.in,Drupal
rajbhavan.tripura.gov.in,Drupal
revenue.tripura.gov.in,Drupal
ripsat.tripura.gov.in,Drupal
rti.tripura.gov.in,Drupal
www.rural.tripura.gov.in,Drupal
rural.tripura.gov.in,Drupal
schooleducation.tripura.gov.in,Drupal
sabroomnp.tripura.gov.in,Drupal
sec.tripura.gov.in,Drupal
scw.tripura.gov.in,Drupal
sfsl.tripura.gov.in,Drupal
sipard.tripura.gov.in,Drupal
socialwelfare.tripura.gov.in,Drupal
tbse.tripura.gov.in,Drupal
www.tbse.tripura.gov.in,Drupal
taxes.tripura.gov.in,Drupal
tdma.tripura.gov.in,Drupal
thrc.tripura.gov.in,Drupal
trci.tripura.gov.in,Drupal
twd.tripura.gov.in,Drupal
udd.tripura.gov.in,Drupal
yas.tripura.gov.in,Drupal
tsbtc.tripura.gov.in,Drupal
udhampur.gov.in,WP
udhampur.nic.in,WP
nagardarshan.ulbharyana.gov.in,WP
unnatbharatabhiyan.gov.in,WP
invest.up.gov.in,WP
startinup.up.gov.in,WP
upgovernor.gov.in,WP
urbanecg.gov.in,Other CMS
ambikapur.urbanecg.gov.in,Other CMS
uppc.up.gov.in,WP
utl.gov.in,WP
uttardinajpur.gov.in,WP
vimukti.gov.in,Joomla
www.vismuseum.gov.in,WP
vismuseum.gov.in,WP
feast.vssc.gov.in,Joomla
vedicheritage.gov.in,WP
www.vedicheritage.gov.in,WP
vvgnli.gov.in,Drupal
www.vvgnli.gov.in,Drupal
wardha.gov.in,WP
washim.gov.in,WP
wayanad.gov.in,WP
www.vsez.gov.in,WP
vsez.gov.in,WP
meels.wb.gov.in,WP
wbdmd.gov.in,Drupal
wbfactories.gov.in,Drupal
wblc.gov.in,Drupal
wbmsme.gov.in,Drupal
www.wblc.gov.in,Drupal
www.wbmsme.gov.in,Drupal
wbpower.gov.in,WP
wbsportsandyouth.gov.in,Drupal
wcdhry.gov.in,WP
westtripura.nic.in,WP
westjaintiahills.gov.in,WP
westkhasihills.gov.in,WP
westgarohills.gov.in,WP
westtripura.gov.in,WP
yas.gov.in,Drupal
nadaindia.yas.gov.in,WP
yanam.gov.in,WP
yavatmal.gov.in,WP
zpbeed.gov.in,Drupal
iwai.nic.in,Drupal
zpjalgaon.gov.in,WP
www.thanecity.gov.in,Other CMS
krishna.nic.in,WP
jashpur.nic.in,WP
www.kshec.kerala.gov.in,Joomla
bcece.admissions.nic.in,WP
ccmn.admissions.nic.in,WP
ccmt.admissions.nic.in,WP
adilabad.nic.in,WP
ipu.admissions.nic.in,WP
iimc.admissions.nic.in,WP
jacchd.admissions.nic.in,WP
jacdelhi.admissions.nic.in,WP
jeecup.admissions.nic.in,WP
nimcet.admissions.nic.in,WP
www.dtetodisha.gov.in,WP
ubter.admissions.nic.in,WP
scertdelhi.admissions.nic.in,WP
vci.admissions.nic.in,WP
ahmedabad.nic.in,WP
ahmednagar.nic.in,WP
aligarh.nic.in,WP
alirajpur.nic.in,WP
allahabad.nic.in,WP
ambedkarnagar.nic.in,WP
amethi.nic.in,WP
amravati.nic.in,WP
amreli.nic.in,WP
cmsadmin.amritmahotsav.nic.in,Other CMS
dhara.amritmahotsav.nic.in,Other CMS
amritsar.nic.in,WP
amroha.nic.in,WP
anand.nic.in,WP
anantnag.nic.in,WP
nicobars.andaman.nic.in,WP
northmiddle.andaman.nic.in,WP
anjaw.nic.in,WP
andaman.nic.in,WP
ap.nic.in,WP
www.ap.nic.in,WP
araria.nic.in,WP
ariyalur.nic.in,WP
arvalli.nic.in,WP
arwal.nic.in,WP
arunachal.nic.in,WP
ashoknagar.nic.in,WP
auraiya.nic.in,WP
assam.nic.in,WP
bagalkot.nic.in,WP
bageshwar.nic.in,WP
bagpat.nic.in,WP
ballia.nic.in,WP
banaskantha.nic.in,WP
bahraich.nic.in,WP
balaghat.nic.in,WP
bangalorerural.nic.in,WP
banka.nic.in,WP
barabanki.nic.in,WP
ballari.nic.in,WP
bandipore.nic.in,WP
bathinda.nic.in,WP
baramulla.nic.in,WP
basti.nic.in,WP
bareilly.nic.in,WP
barwani.nic.in,WP
bbmchbalangir.nic.in,WP
bceceadmissions.nic.in,WP
begusarai.nic.in,WP
belgaum.nic.in,WP
bengaluruurban.nic.in,WP
belagavi.nic.in,WP
bhagalpur.nic.in,WP
bellary.nic.in,WP
bhandara.nic.in,WP
bhadohi.nic.in,WP
betul.nic.in,WP
bhojpur.nic.in,WP
bhopal.nic.in,WP
bhavnagar.nic.in,WP
bhind.nic.in,WP
bhopaldivisionmp.nic.in,WP
bidar.nic.in,WP
arwal.bih.nic.in,WP
bhojpur.bih.nic.in,WP
aurangabad.bih.nic.in,WP
begusarai.bih.nic.in,WP
gopalganj.nic.in,WP
gopalganj.bih.nic.in,WP
governor.bih.nic.in,WP
bhagalpur.bih.nic.in,WP
jehanabad.nic.in,WP
jehanabad.bih.nic.in,WP
kishanganj.nic.in,WP
lakhisarai.nic.in,WP
kishanganj.bih.nic.in,WP
lakhisarai.bih.nic.in,WP
kosidivision.bih.nic.in,WP
madhubani.bih.nic.in,WP
nalanda.nic.in,WP
mungerdivision.bih.nic.in,WP
madhubani.nic.in,WP
nawada.nic.in,WP
nalanda.bih.nic.in,WP
patnadivision.bih.nic.in,WP
rohtas.nic.in,WP
rohtas.bih.nic.in,WP
nawada.bih.nic.in,WP
saharsa.bih.nic.in,WP
saharsa.nic.in,WP
sarandivision.bih.nic.in,WP
sheohar.bih.nic.in,WP
saran.bih.nic.in,WP
samastipur.bih.nic.in,WP
siwan.bih.nic.in,WP
sheohar.nic.in,WP
westchamparan.nic.in,WP
westchamparan.bih.nic.in,WP
vaishali.nic.in,WP
bihar.nic.in,WP
bilaspur.nic.in,WP
vaishali.bih.nic.in,WP
bishnupur.nic.in,WP
boardodisha.nic.in,Drupal
birbhum.nic.in,WP
bokaro.nic.in,WP
blsmch.nic.in,WP
botad.nic.in,WP
budaun.nic.in,WP
budgam.nic.in,WP
bulandshahar.nic.in,WP
bric.nic.in,WP
www.bric.nic.in,WP
burhanpur.nic.in,WP
buldhana.nic.in,WP
buxar.nic.in,WP
ccmt.nic.in,WP
ccras.nic.in,WP
www.ccras.nic.in,WP
cckpindia.nic.in,WP
cec.nic.in,Drupal
www.cec.nic.in,Drupal
ceotripura.nic.in,Drupal
www.ceotripura.nic.in,Drupal
chaibasa.nic.in,WP
champawat.nic.in,WP
chambaldivisionmp.nic.in,WP
cgstandcustomsbbsr.nic.in,WP
chanda.nic.in,WP
chamrajnagar.nic.in,WP
champhai.nic.in,WP
www.chandel.nic.in,WP
chandigarhdistrict.nic.in,WP
www.cea.nic.in,WP
chandauli.nic.in,WP
chandel.nic.in,WP
chatra.nic.in,WP
changlang.nic.in,WP
chdenggadmissions.nic.in,WP
chengalpattu.nic.in,WP
chennai.nic.in,WP
chhatarpur.nic.in,WP
chhattisgarh.nic.in,WP
chhindwara.nic.in,WP
chhotaudepur.nic.in,WP
www.cheb.nic.in,Drupal
cheb.nic.in,Drupal
chickmagalur.nic.in,WP
www.chseodisha.nic.in,Drupal
chseodisha.nic.in,Drupal
chikkaballapur.nic.in,WP
chikkamagaluru.nic.in,WP
chitradurga.nic.in,WP
chumoukedima.nic.in,WP
churachandpur.nic.in,WP
cimfr.nic.in,Joomla
www.cimfr.nic.in,Joomla
cifa.nic.in,Drupal
www.cifa.nic.in,Drupal
cmsenvis.nic.in,Other CMS
coal.nic.in,Drupal
www.coal.nic.in,Drupal
coirboard.nic.in,WP
www.coirboard.nic.in,WP
coimbatore.nic.in,WP
courtcaserevodisha.nic.in,Other CMS
consumeraffairs.nic.in,Drupal
ctet.nic.in,WP
dahod.nic.in,WP
damoh.nic.in,WP
dantewada.nic.in,WP
dangs.nic.in,WP
darbhanga.nic.in,WP
datia.nic.in,WP
davanagere.nic.in,WP
ddinajpur.nic.in,WP
delhitrafficpolice.nic.in,Drupal
deoghar.nic.in,WP
deoria.nic.in,WP
devbhumidwarka.nic.in,WP
dewas.nic.in,WP
devipatanmandal.nic.in,WP
deptpub.nic.in,Drupal
dhanbad.nic.in,WP
dhar.nic.in,WP
dhalai.nic.in,WP
dharmapuri.nic.in,WP
www.dharwad.nic.in,WP
dindori.nic.in,WP
dibangvalley.nic.in,WP
dimapur.nic.in,WP
dhcdiac.nic.in,WP
dindigul.nic.in,WP
dk.nic.in,WP
vbch.dnh.nic.in,Drupal
doda.nic.in,WP
dppodisha.nic.in,Drupal
eastchamparan.nic.in,WP
eastgodavari.nic.in,WP
eastkameng.nic.in,WP
eastsiang.nic.in,WP
cms.ecounselling.nic.in,Other CMS
ecounselling.nic.in,WP
erode.nic.in,WP
etawah.nic.in,WP
faridkot.nic.in,WP
etah.nic.in,WP
faridabad.nic.in,WP
fatehabad.nic.in,WP
farrukhabad.nic.in,WP
fatehpur.nic.in,WP
fazilka.nic.in,WP
fcitura.nic.in,Drupal
fagmil.nic.in,WP
www.fcitura.nic.in,Drupal
ferozepur.nic.in,WP
firozabad.nic.in,WP
gadag.nic.in,WP
gadchiroli.nic.in,WP
www.ganderbal.nic.in,WP
gangtokdistrict.nic.in,WP
garhwa.nic.in,WP
gandhinagar.nic.in,WP
gaya.nic.in,WP
ghaziabad.nic.in,WP
gbnagar.nic.in,WP
giridih.nic.in,WP
ghazipur.nic.in,WP
www.goicharters.nic.in,Other CMS
goicharters.nic.in,Other CMS
girsomnath.nic.in,WP
gomati.nic.in,WP
godda.nic.in,WP
gonda.nic.in,WP
gondia.nic.in,WP
gujarathighcourt.nic.in,Drupal
www.gujarathighcourt.nic.in,Drupal
guna.nic.in,WP
gumla.nic.in,WP
guntur.nic.in,WP
gwalior.nic.in,WP
gurdaspur.nic.in,WP
gwaliordivisionmp.nic.in,WP
gyalshing.nic.in,WP
hamirpur.nic.in,WP
hapur.nic.in,WP
harda.nic.in,WP
hardoi.nic.in,WP
haridwar.nic.in,WP
hassan.nic.in,WP
hathras.nic.in,WP
haveri.nic.in,WP
hoshiarpur.nic.in,WP
hisar.nic.in,WP
gpc.nic.in,WP
hphamirpur.nic.in,WP
hpchamba.nic.in,WP
hpkullu.nic.in,WP
hpkinnaur.nic.in,WP
hplahaulspiti.nic.in,WP
hppcb.nic.in,WP
hpuna.nic.in,WP
hpsolan.nic.in,WP
main.icmr.nic.in,Drupal
dcms.iisfm.nic.in,Other CMS
imphaleast.nic.in,WP
imphalwest.nic.in,WP
indoredivisionmp.nic.in,WP
informaticsweb.nic.in,Drupal
indore.nic.in,WP
interstatecouncil.nic.in,WP
ignca.nic.in,WP
islrtc.nic.in,Drupal
itanagar.nic.in,WP
www.islrtc.nic.in,Drupal
itiassam.nic.in,WP
itidelhiadmissions.nic.in,WP
itipunjab.nic.in,WP
jabalpurdivisionmp.nic.in,WP
www.iwai.nic.in,Drupal
jabalpur.nic.in,WP
jakfinance.nic.in,WP
www.jakfinance.nic.in,WP
jalandhar.nic.in,WP
jalaun.nic.in,WP
jammu.nic.in,WP
jamnagar.nic.in,WP
jamshedpur.nic.in,WP
jamtara.nic.in,WP
jamui.nic.in,WP
jaunpur.nic.in,WP
jeecup.nic.in,WP
jhabua.nic.in,WP
jhajjar.nic.in,WP
jhadc.nic.in,Drupal
www.jhajjar.nic.in,WP
jhansi.nic.in,WP
www.jharkhandhighcourt.nic.in,Drupal
jharkhandvidhansabha.nic.in,Drupal
jiribam.nic.in,WP
jk.nic.in,WP
jkfunds.nic.in,Drupal
judicialacademy.nic.in,Drupal
www.judicialacademy.nic.in,Drupal
junagadh.nic.in,WP
kachchh.nic.in,WP
kadapa.nic.in,WP
kaimur.nic.in,WP
kakching.nic.in,WP
kallakurichi.nic.in,WP
kamjong.nic.in,WP
kalaburagi.nic.in,WP
kancheepuram.nic.in,WP
kannauj.nic.in,WP
kangpokpi.nic.in,WP
kanniyakumari.nic.in,WP
kanpurdehat.nic.in,WP
kanpurnagar.nic.in,WP
karimnagar.nic.in,WP
kargil.nic.in,WP
karur.nic.in,WP
kasganj.nic.in,WP
kathua.nic.in,WP
karnataka.nic.in,WP
katni.nic.in,WP
katihar.nic.in,WP
kaushambi.nic.in,WP
kawardha.nic.in,WP
khagaria.nic.in,WP
khandwa.nic.in,WP
kerala.nic.in,WP
khargone.nic.in,WP
kheda.nic.in,WP
kheri.nic.in,WP
khunti.nic.in,WP
khowai.nic.in,WP
kiphire.nic.in,WP
kishtwar.nic.in,WP
kodagu.nic.in,WP
koderma.nic.in,WP
kolar.nic.in,WP
kohima.nic.in,WP
kolasib.nic.in,WP
koppal.nic.in,WP
kradaadi.nic.in,WP
krishnagiri.nic.in,WP
kulgam.nic.in,WP
kurungkumey.nic.in,WP
kurnool.nic.in,WP
kupwara.nic.in,WP
latehar.nic.in,WP
lalitpur.nic.in,WP
latur.nic.in,WP
lawngtlai.nic.in,WP
lawcommissionofindia.nic.in,WP
lakshadweep.nic.in,WP
lohardaga.nic.in,WP
lohit.nic.in,WP
longding.nic.in,WP
longleng.nic.in,WP
lowersubansiri.nic.in,WP
ludhiana.nic.in,WP
lungleicourt.nic.in,WP
madurai.nic.in,WP
madhepura.nic.in,WP
lunglei.nic.in,WP
maharajganj.nic.in,WP
mahisagar.nic.in,WP
maharashtra.nic.in,WP
mahabubnagar.nic.in,WP
mahesana.nic.in,WP
mahoba.nic.in,WP
malerkotla.nic.in,WP
mamit.nic.in,WP
mainpuri.nic.in,WP
mandsaur.nic.in,WP
manipurja.nic.in,Drupal
mandla.nic.in,WP
mangan.nic.in,WP
manipur.nic.in,WP
mandya.nic.in,WP
mau.nic.in,WP
mauganj.nic.in,WP
mathura.nic.in,WP
meerut.nic.in,WP
mayiladuthurai.nic.in,WP
meerutdivision.nic.in,WP
medak.nic.in,WP
meg.nic.in,WP
megbiodiversity.nic.in,Drupal
megetc.nic.in,Drupal
megsrcw.nic.in,Drupal
megsres.nic.in,Drupal
megrcms.nic.in,Drupal
mirzapur.nic.in,WP
mizorampds.nic.in,Drupal
mizenvis.nic.in,Other CMS
mizo.nic.in,WP
www.mofpi.nic.in,Drupal
mofpi.nic.in,Drupal
moga.nic.in,WP
mokokchung.nic.in,WP
morbi.nic.in,WP
mon.nic.in,WP
morena.nic.in,WP
moradabad.nic.in,WP
mpa.nic.in,Drupal
munger.nic.in,WP
mpstate.nic.in,WP
msrls.nic.in,Drupal
muktsar.nic.in,WP
mumbaicity.nic.in,WP
mysuru.nic.in,WP
muzaffarpur.nic.in,WP
murshidabad.nic.in,WP
muzaffarnagar.nic.in,WP
nacwc.nic.in,Drupal
www.nacwc.nic.in,Drupal
nadfm.nic.in,WP
www.nadfm.nic.in,WP
nagaland.nic.in,WP
nagarnigamraipur.nic.in,Drupal
www.nagapattinam.nic.in,WP
nagpur.nic.in,WP
nainital.nic.in,WP
nalgonda.nic.in,WP
namakkal.nic.in,WP
nanded.nic.in,WP
namsai.nic.in,WP
namchi.nic.in,WP
narmadapuramdivisionmp.nic.in,WP
narmada.nic.in,WP
narsinghpur.nic.in,WP
narmadapuram.nic.in,WP
navsari.nic.in,WP
nchm.nic.in,Drupal
www.nchm.nic.in,Drupal
ncds.nic.in,Drupal
nchmcounselling.nic.in,WP
nclat.nic.in,Drupal
www.nclat.nic.in,Drupal
ncst.nic.in,Drupal
www.ncw.nic.in,Drupal
www.ncst.nic.in,Drupal
nehruportal.nic.in,Drupal
nfici.nic.in,Joomla
nhrc.nic.in,Drupal
www.nhrc.nic.in,Drupal
nicchandigarh.nic.in,WP
nicgoa.nic.in,WP
nicjharkhand.nic.in,WP
nicharyana.nic.in,WP
nichimachal.nic.in,WP
wb.nic.in,WP
nicwb.nic.in,WP
nirtar.nic.in,Drupal
nilgiris.nic.in,WP
www.svnirtar.nic.in,Drupal
niuland.nic.in,WP
niwari.nic.in,WP
nizamabad.nic.in,WP
speakerkerala.niyamasabha.nic.in,Drupal
www.nmpb.nic.in,Drupal
nmpb.nic.in,Drupal
niws.nic.in,WP
noklak.nic.in,WP
northtripura.nic.in,WP
www.nppaindia.nic.in,WP
nppaindia.nic.in,WP
nskfdc.nic.in,Drupal
www.nskfdc.nic.in,Drupal
aissee.nta.nic.in,WP
cuet.nta.nic.in,WP
cmat.nta.nic.in,WP
icar.nta.nic.in,WP
gpat.nta.nic.in,WP
iift.nta.nic.in,WP
nchmjee.nta.nic.in,WP
ugcnet.nta.nic.in,WP
ntaresults.nic.in,Other CMS
www.ntaresults.nic.in,Other CMS
odihort.nic.in,Drupal
odisha.nic.in,WP
odishamuseum.nic.in,Drupal
ojee.nic.in,WP
ohrc.nic.in,WP
ophwc.nic.in,Drupal
www.ophwc.nic.in,Drupal
oscw.nic.in,Drupal
osmanabad.nic.in,WP
oscdc.nic.in,WP
oslsa.nic.in,WP
pakur.nic.in,WP
pakyongdistrict.nic.in,WP
www.palamu.nic.in,WP
panchkula.nic.in,WP
panchmahals.nic.in,WP
ozonecell.nic.in,WP
parbhani.nic.in,WP
papumpare.nic.in,WP
epcms.pariksha.nic.in,Other CMS
patan.nic.in,WP
pathankot.nic.in,WP
patiala.nic.in,WP
patna.nic.in,WP
pauri.nic.in,WP
pbsc.nic.in,WP
perambalur.nic.in,WP
phek.nic.in,WP
pmgsy.nic.in,Drupal
pilibhit.nic.in,WP
pherzawl.nic.in,WP
poonch.nic.in,WP
porbandar.nic.in,WP
prakasam.nic.in,WP
pratapgarh.nic.in,WP
prayagraj.nic.in,WP
prmmch.nic.in,WP
prayagrajdivision.nic.in,WP
pune.nic.in,WP
pudukkottai.nic.in,WP
purbabardhaman.nic.in,WP
purnea.nic.in,WP
purulia.nic.in,WP
py.nic.in,WP
www.raichur.nic.in,WP
raichur.nic.in,WP
raj.nic.in,WP
raigad.nic.in,WP
raipur.nic.in,WP
raisen.nic.in,WP
cms.rajyasabha.nic.in,Other CMS
rajgarh.nic.in,WP
ranipet.nic.in,WP
rampur.nic.in,WP
ramanagara.nic.in,WP
ramgarh.nic.in,WP
ramanathapuram.nic.in,WP
ratlam.nic.in,WP
ratnagiri.nic.in,WP
rdcsambalpur.nic.in,WP
rdccdcuttack.nic.in,WP
reasi.nic.in,WP
rewa.nic.in,WP
rewadivisionmp.nic.in,WP
roing.nic.in,WP
egov.rni.nic.in,WP
rupnagar.nic.in,WP
saconenvis.nic.in,Joomla
sabarkantha.nic.in,WP
sagar.nic.in,WP
sagardivisionmp.nic.in,WP
saharanpur.nic.in,WP
sahibganj.nic.in,WP
salem.nic.in,WP
samastipur.nic.in,WP
sambhal.nic.in,WP
sangli.nic.in,WP
sangrur.nic.in,WP
sansadtv.nic.in,WP
saran.nic.in,WP
satmanipur.nic.in,WP
sasnagar.nic.in,WP
satna.nic.in,WP
scbdental.nic.in,WP
scertdelhiadmission.nic.in,WP
scertodisha.nic.in,WP
scsm.nic.in,Drupal
sehore.nic.in,WP
senapati.nic.in,WP
seoni.nic.in,WP
www.senapati.nic.in,WP
sepahijala.nic.in,WP
sctevtodisha.nic.in,WP
seraikela.nic.in,WP
serchhip.nic.in,WP
serimanipur.nic.in,WP
sezindia.nic.in,Drupal
sfio.nic.in,WP
shahjahanpur.nic.in,WP
shahdol.nic.in,WP
shahdoldivisionmp.nic.in,WP
shajapur.nic.in,WP
shamli.nic.in,WP
sheopur.nic.in,WP
shamator.nic.in,WP
sheikhpura.nic.in,WP
shivpuri.nic.in,WP
shopian.nic.in,WP
shiyomi.nic.in,WP
shravasti.nic.in,WP
sidhi.nic.in,WP
simdega.nic.in,WP
singrauli.nic.in,WP
siddharthnagar.nic.in,WP
sitamarhi.nic.in,WP
siwan.nic.in,WP
sivaganga.nic.in,WP
sipmiu.nic.in,Drupal
sohragovernmentcollege.nic.in,Drupal
sknagar.nic.in,WP
slnmch.nic.in,WP
southandaman.nic.in,WP
sonbhadra.nic.in,WP
smcsambalpur.nic.in,WP
southtripura.nic.in,WP
southgoa.nic.in,WP
soreng.nic.in,WP
spcahry.nic.in,WP
steel.nic.in,Drupal
supaul.nic.in,WP
svnirtar.nic.in,Drupal
surendranagar.nic.in,WP
surat.nic.in,WP
tamenglong.nic.in,WP
tawang.nic.in,WP
tapi.nic.in,WP
tarntaran.nic.in,WP
tehri.nic.in,WP
texmin.nic.in,Drupal
tengnoupal.nic.in,WP
www.texmin.nic.in,Drupal
tenkasi.nic.in,WP
thoothukudi.nic.in,WP
thoubal.nic.in,WP
theni.nic.in,WP
thrissur.nic.in,WP
tirap.nic.in,WP
tirunelveli.nic.in,WP
www.thoubal.nic.in,WP
tikamgarh.nic.in,WP
tiruchirappalli.nic.in,WP
tiruvannamalai.nic.in,WP
tiruppur.nic.in,WP
tiruvallur.nic.in,WP
tiruvarur.nic.in,WP
tn.nic.in,WP
tirupathur.nic.in,WP
www.tn.nic.in,WP
madurai.tn.nic.in,WP
erode.tn.nic.in,WP
thoothukudi.tn.nic.in,WP
tiruvarur.tn.nic.in,WP
vellore.tn.nic.in,WP
trivandrum.nic.in,WP
tripura.nic.in,WP
tuensang.nic.in,WP
tumkur.nic.in,WP
ujjaindivisionmp.nic.in,WP
ujjain.nic.in,WP
udupi.nic.in,WP
uk.nic.in,WP
umaria.nic.in,WP
unakoti.nic.in,WP
unnao.nic.in,WP
uppersubansiri.nic.in,WP
uppersiang.nic.in,WP
www.urducouncil.nic.in,Drupal
urducouncil.nic.in,Drupal
usnagar.nic.in,WP
uttarakannada.nic.in,WP
uttardinajpur.nic.in,WP
uttarkashi.nic.in,WP
utl.nic.in,WP
vadodara.nic.in,WP
vicepresidentofindia.nic.in,Drupal
valsad.nic.in,WP
www.vicepresidentofindia.nic.in,Drupal
vellore.nic.in,WP
uxdt.nic.in,WP
vidisha.nic.in,WP
vijayanagara.nic.in,WP
vijayapura.nic.in,WP
visakhapatnam.nic.in,WP
virudhunagar.nic.in,WP
vizianagaram.nic.in,WP
washim.nic.in,WP
vimsar.nic.in,WP
warangal.nic.in,WP
westsiang.nic.in,WP
yamunanagar.nic.in,WP
wokha.nic.in,WP
westkameng.nic.in,WP
www.wokha.nic.in,WP
www.yas.nic.in,Drupal
yavatmal.nic.in,WP
zunheboto.nic.in,WP
schooledu.ap.gov.in,WP
yogacertificationboard.nic.in,WP
www.cachar.gov.in,Drupal
www.mpanashik.gov.in,WP
surguja.nic.in,WP
www.allindiaradio.gov.in,WP
rudraprayag.nic.in,WP
mppgcl.mp.gov.in,WP
