URLs,CMS
micensus.gov.in,Drupal
online.ksb.gov.in,WP
negd.gov.in,WP
br.gov.in,Drupal
jharkhandhighcourt.nic.in,Drupal
cee.kerala.gov.in,WP
nsmdc.nagaland.gov.in,WP
biharboardonline.bihar.gov.in,Drupal
karresults.nic.in,Drupal
josaa.nic.in,WP
www.tnhealth.tn.gov.in,WP
vigyanprasar.gov.in,WP
cgg.gov.in,WP
pqals.nic.in,Drupal
tracgis.telangana.gov.in,Drupal
mahaforest.gov.in,Drupal
tn.gov.in,Drupal
neet.nta.nic.in,WP
jeemain.nta.nic.in,WP
bharatwagon.bih.nic.in,Drupal
cewacor.nic.in,Drupal
chandigarh.gov.in,WP
delhitourism.gov.in,Drupal
gmch.nic.in,Drupal
joinindianarmy.nic.in,Drupal
sjvn.nic.in,Drupal
crpf.gov.in,WP
sametham.itschool.gov.in,Drupal
mahacid.gov.in,WP
karnatakajudiciary.kar.nic.in,Drupal
mhsonline3.rajasthan.gov.in,WP
osbc.gov.in,Drupal
icar.gov.in,Drupal
aiapget.nta.nic.in,WP
cbse.nic.in,WP
hbse.nic.in,WP
www.hcifreetown.gov.in,WP
apy.dacnet.nic.in,Drupal
mmscmsguy.assam.gov.in,WP
tspscdrhalltickets.tspsc.gov.in,WP
20edistrict.cgstate.gov.in,Drupal
rimc.gov.in,WP
styandptg.pondicherry.gov.in,Drupal
www.bse.ap.gov.in,WP
resultsassam.nic.in,Drupal
delhicustoms.gov.in,WP
incometaxindiaefiling.gov.in,WP
nrsc.gov.in,WP
kalahandi.nic.in,Drupal
mahaprisons.gov.in,Drupal
nad.gov.in,Drupal
attendance.gov.in,WP
dns1.ap.gov.in,Joomla
kamgarsetu.mp.gov.in,WP
recruitment.nic.in,Drupal
office.incometaxindia.gov.in,Joomla
ntaaiapget.nic.in,Joomla
icdsbih.gov.in,Drupal
wii.gov.in,Drupal
ceo.uk.gov.in,WP
tplogin.nsda.gov.in,Drupal
heritage.ahmedabadcity.gov.in,Drupal
2Findiaculture.nic.in,Drupal
www.covid19jagratha.kerala.nic.in,WP
indiainbusiness.nic.in,WP
ceotelangana.nic.in,Drupal
kamrup.assam.gov.in,Drupal
ignca.gov.in,WP
www.rural.tourism.gov.in,WP
ipc.gov.in,Joomla
bpscbih.nic.in,WP
nhm.gov.in,Drupal
maatarini.nic.in,Drupal
onlinetesthry.gov.in,Drupal
tndte.gov.in,WP
ceolakshadweep.gov.in,WP
www.dhe.gov.in,Drupal
swayamprabha.gov.in,Drupal
jharkhanduniversities.nic.in,WP
www.ugc.gov.in,WP
anert.gov.in,Drupal
www.tnresults.nic.in,Joomla
scholarships.gov.in,WP
labourbureaunew.gov.in,WP
ciet.ncert.gov.in,Drupal
www.rgniyd.gov.in,Drupal
www.cat.gov.in,Drupal
www.trai.gov.in,Drupal
kvs.gov.in,WP
112.gov.in,Drupal
affdf.gov.in,WP
aiipmr.gov.in,WP
aircustomschennai.gov.in,WP
dashboard.aishe.gov.in,WP
akshayurja.gov.in,WP
amravatidivision.gov.in,WP
anagrasarkalyan.gov.in,WP
analytics.gov.in,WP
www.police.andaman.gov.in,Joomla
usrp.andaman.gov.in,Joomla
andamans.gov.in,Drupal
www.anert.gov.in,WP
www.aaby.ap.gov.in,WP
bie.ap.gov.in,Drupal
cid.appolice.gov.in,Drupal
dgms.gov.in,Drupal
www.arogyakeralam.gov.in,WP
www.arstps.gov.in,WP
asipatnacircle.gov.in,Drupal
www.assam.gov.in,Drupal
astc.assam.gov.in,Drupal
basundhara.assam.gov.in,Drupal
bongaigaon.assam.gov.in,Drupal
dhs.assam.gov.in,Drupal
dipr.assam.gov.in,Drupal
dlrar.assam.gov.in,Drupal
elementary.assam.gov.in,Drupal
eodb.assam.gov.in,Drupal
finance.assam.gov.in,Drupal
fremaa.assam.gov.in,Drupal
hojai.assam.gov.in,Drupal
homeandpolitical.assam.gov.in,Drupal
hts.assam.gov.in,Drupal
igr.assam.gov.in,Drupal
kamrupmetro.assam.gov.in,Drupal
labourcommissioner.assam.gov.in,Drupal
legislative.assam.gov.in,Drupal
madhyamik.assam.gov.in,Drupal
nagaon.assam.gov.in,Drupal
nalbari.assam.gov.in,Drupal
nhm.assam.gov.in,Drupal
niyog.assam.gov.in,Drupal
parliamentaryaffairs.assam.gov.in,Drupal
police.assam.gov.in,Drupal
sports.assam.gov.in,Drupal
waterresources.assam.gov.in,Drupal
assampost.gov.in,Drupal
aurangabadcitypolice.gov.in,WP
ngo.ayush.gov.in,WP
balodabazar.gov.in,WP
balrampur.gov.in,WP
www.balrampur.gov.in,WP
www.balvikasup.gov.in,WP
barnala.gov.in,WP
bastar.gov.in,WP
bbmb.gov.in,WP
www.bbmb.gov.in,WP
beed.gov.in,WP
saathee.beeindia.gov.in,Drupal
bharat.gov.in,WP
bharatkosh.gov.in,WP
bhubaneswarcuttackpolice.gov.in,WP
bilaspur.gov.in,WP
bims.gov.in,WP
services.bis.gov.in,WP
www.bitm.gov.in,WP
blooddonors.gov.in,Drupal
www.bmc.gov.in,WP
www.boi.gov.in,WP
www.brahmaputraboard.gov.in,Drupal
brics2021.gov.in,WP
eportal.britatom.gov.in,WP
cacharjudiciary.gov.in,Drupal
cadamanipur.gov.in,WP
www.cadc.gov.in,WP
keralavlc.cag.gov.in,WP
agra.cantt.gov.in,WP
ahmednagar.cantt.gov.in,WP
ajmer.cantt.gov.in,WP
allahabad.cantt.gov.in,WP
almora.cantt.gov.in,WP
ambala.cantt.gov.in,WP
cannanore.cantt.gov.in,WP
dehuroad.cantt.gov.in,WP
delhi.cantt.gov.in,WP
deolali.cantt.gov.in,WP
ferozepur.cantt.gov.in,WP
jabalpur.cantt.gov.in,WP
jutogh.cantt.gov.in,WP
kamptee.cantt.gov.in,WP
meerut.cantt.gov.in,WP
ranikhet.cantt.gov.in,WP
saugor.cantt.gov.in,WP
secunderabad.cantt.gov.in,WP
shillong.cantt.gov.in,WP
castcertificatewb.gov.in,WP
cbc.gov.in,Drupal
cbfcindia.gov.in,WP
www.cbi.gov.in,WP
saras.cbse.gov.in,Drupal
dtnbwed.cbwe.gov.in,Drupal
ccrtindia.gov.in,WP
ccsniah.gov.in,Joomla
ccsniam.gov.in,Joomla
suraksha.ceikerala.gov.in,Drupal
srs.census.gov.in,Joomla
ceodelhi.gov.in,Drupal
cexcusner.gov.in,Drupal
spc.cg.gov.in,Drupal
cga.gov.in,Drupal
cgat.gov.in,Drupal
dad.cgda.gov.in,Drupal
acadtsbie.cgg.gov.in,Drupal
cgidurban.gov.in,Drupal
www.cgiedinburgh.gov.in,Drupal
cgifrankfurt.gov.in,Drupal
cgizanzibar.gov.in,WP
www.cgizanzibar.gov.in,WP
cgpost.gov.in,Drupal
cgstamdsouth.gov.in,WP
cgstappealahmedabad.gov.in,WP
cgsvm.cgstate.gov.in,Drupal
cgstrajkot.gov.in,WP
cgstrajkotappeals.gov.in,WP
www.champions.gov.in,WP
chandigarhenvis.gov.in,Drupal
www.chandigarhforest.gov.in,Drupal
chandrapurpolice.gov.in,WP
ctuonline.chd.gov.in,WP
eawas.chd.gov.in,WP
evigilance.chd.gov.in,WP
reeut.chd.gov.in,Drupal
chdca.gov.in,WP
chdctu.gov.in,WP
www.chdctu.gov.in,Drupal
www.chdeducation.gov.in,WP
chdfood.gov.in,Drupal
www.chdfood.gov.in,Drupal
chdmktcommittee.gov.in,Drupal
chemexcil.gov.in,Drupal
chennaicustoms.gov.in,WP
www.chennaiport.gov.in,WP
www.clc.gov.in,Drupal
clc.gov.in,Drupal
www.cmhtmanipur.gov.in,WP
www.cmlre.gov.in,WP
cmmanipur.gov.in,Drupal
www.cmmanipur.gov.in,Drupal
cmogujarat.gov.in,Drupal
cmpfo.gov.in,Drupal
cmrfodisha.gov.in,Drupal
www.cmrfodisha.gov.in,WP
cmss.gov.in,WP
www.cmss.gov.in,Drupal
cochincustoms.gov.in,Drupal
cochinport.gov.in,Drupal
www.rtionline.gov.in,WP
coconutboard.gov.in,WP
www.coconutboard.gov.in,WP
rect.crpf.gov.in,Drupal
crridom.gov.in,WP
www.crridom.gov.in,Drupal
crs.gov.in,WP
www.csb.gov.in,WP
csb.gov.in,WP
csc.gov.in,WP
exlink.pmkisan.gov.in,WP
damsafety.cwc.gov.in,Drupal
incid.cwc.gov.in,Drupal
www.dae.gov.in,WP
nbhm.dae.gov.in,Drupal
darpg.gov.in,WP
www.data.gov.in,WP
ap.data.gov.in,WP
odisha.data.gov.in,WP
visualize.data.gov.in,WP
dbtindia.gov.in,Drupal
www.dbtjrf.gov.in,WP
dbttribal.gov.in,WP
msmedi.dcmsme.gov.in,Drupal
www.ppdcagra.dcmsme.gov.in,WP
bhiwani.dcourts.gov.in,WP
bilaspurhp.dcourts.gov.in,WP
dhemaji.dcourts.gov.in,WP
dhubri.dcourts.gov.in,WP
faridabad.dcourts.gov.in,WP
golaghat.dcourts.gov.in,WP
gurugram.dcourts.gov.in,WP
hailakandi.dcourts.gov.in,WP
hisar.dcourts.gov.in,WP
kamrupmetro.dcourts.gov.in,WP
lakhimpur.dcourts.gov.in,WP
morigaon.dcourts.gov.in,WP
namchi.dcourts.gov.in,WP
palwal.dcourts.gov.in,WP
pasighat.dcourts.gov.in,WP
sirmaur.dcourts.gov.in,WP
sivasagar.dcourts.gov.in,WP
sonepat.dcourts.gov.in,WP
sonitpur.dcourts.gov.in,WP
surat.dcourts.gov.in,WP
wayanad.dcourts.gov.in,Drupal
dcpw.gov.in,Drupal
www.dda.gov.in,WP
ddd.gov.in,WP
vp.dded.gov.in,WP
ddinews.gov.in,WP
www.ddkbbsr.gov.in,WP
www.ddnews.gov.in,WP
ddpdos.gov.in,Drupal
www.ddpmod.gov.in,Drupal
ddpmod.gov.in,Drupal
www.dedwb.gov.in,Drupal
defproc.gov.in,WP
ait.delhi.gov.in,WP
dlrc.delhi.gov.in,WP
dmc.delhi.gov.in,WP
dmnewdelhi.delhi.gov.in,WP
dmnorth.delhi.gov.in,WP
dmnortheast.delhi.gov.in,WP
dmnorthwest.delhi.gov.in,WP
dmshahdara.delhi.gov.in,WP
dmsouth.delhi.gov.in,WP
dmsoutheast.delhi.gov.in,WP
fsl.delhi.gov.in,WP
rera.delhi.gov.in,Drupal
www.rera.delhi.gov.in,Drupal
nipun.delhipolice.gov.in,Drupal
traffic.delhipolice.gov.in,WP
adip.depwd.gov.in,Drupal
divyangjan.depwd.gov.in,Drupal
desagri.gov.in,Drupal
data.desagri.gov.in,Drupal
www.desw.gov.in,WP
eximanalytics.dgciskol.gov.in,Drupal
dgde.gov.in,Drupal
dggi.gov.in,Drupal
dgqi.gov.in,Drupal
www.dgshipping.gov.in,Drupal
nstidehradun.dgt.gov.in,Drupal
nstihaldwani.dgt.gov.in,Drupal
nstihyderabad2.dgt.gov.in,Drupal
nstijamshedpur.dgt.gov.in,Drupal
nstiludhiana.dgt.gov.in,Drupal
nstiwbengaluru.dgt.gov.in,Drupal
nstiwgoa.dgt.gov.in,Drupal
nstiwjaipur.dgt.gov.in,Drupal
nstiwmumbai.dgt.gov.in,Drupal
nstiwnoida.dgt.gov.in,Drupal
nstiwpatna.dgt.gov.in,Drupal
nstiwtrivandrum.dgt.gov.in,Drupal
nstiwtura.dgt.gov.in,Drupal
rdsdeandhrapradesh.dgt.gov.in,Drupal
rdsdeassam.dgt.gov.in,Drupal
rdsdebihar.dgt.gov.in,Drupal
rdsdegujarat.dgt.gov.in,Drupal
rdsdejharkhand.dgt.gov.in,Drupal
rdsdekarnataka.dgt.gov.in,Drupal
rdsdemadhyapradesh.dgt.gov.in,Drupal
rdsdemaharashtra.dgt.gov.in,Drupal
rdsdetamilnadu.dgt.gov.in,Drupal
rdsdetelangana.dgt.gov.in,Drupal
rdsdeuttarpradesh.dgt.gov.in,Drupal
rdsdewestbengal.dgt.gov.in,Drupal
dgtelecom.gov.in,Drupal
dgtr.gov.in,WP
www.dgtr.gov.in,Drupal
dhamtari.gov.in,WP
www.dhepune.gov.in,WP
dhr.gov.in,WP
www.dhsekerala.gov.in,Drupal
dhsgoa.gov.in,Drupal
dhule.gov.in,WP
www.dhulepolice.gov.in,Drupal
chrv.dic.gov.in,Joomla
ictrc.dic.gov.in,Drupal
m4agri.dic.gov.in,Drupal
dietnongstoin.gov.in,Joomla
dietsohra.gov.in,Drupal
dietthadlaskein.gov.in,Drupal
www.dipam.gov.in,WP
disha.gov.in,WP
www.ditmeghalaya.gov.in,WP
divcomaurangabad.gov.in,Drupal
divcomjammu.gov.in,Drupal
dla.gov.in,Drupal
www.dmetodisha.gov.in,WP
dnh.gov.in,Drupal
dnhtenders.gov.in,Drupal
doca.gov.in,Drupal
lm.doca.gov.in,WP
doe.gov.in,WP
www.doe.gov.in,WP
dashboard.doj.gov.in,WP
dolr.gov.in,WP
wdcpmksy.dolr.gov.in,WP
grievance.dpiit.gov.in,Joomla
iiccl.dpiit.gov.in,Joomla
dpsdae.gov.in,Drupal
publications.drdo.gov.in,WP
dsc.gov.in,Drupal
ugpg.dtemaharashtra.gov.in,WP
utthaan.gov.in,WP
eapdea.gov.in,WP
eastgarohills.gov.in,WP
results.eci.gov.in,WP
services.ecourts.gov.in,Drupal
boatwr.education.gov.in,Drupal
chd.education.gov.in,WP
www.chd.education.gov.in,Drupal
chdpublication.education.gov.in,Drupal
cstt.education.gov.in,Drupal
epurti.education.gov.in,Drupal
www.egazette.gov.in,WP
egiyebangla.gov.in,Drupal
www.egiyebangla.gov.in,Drupal
www.embassyofindiatunis.gov.in,WP
embassyofindiayangon.gov.in,WP
logistics.enam.gov.in,Drupal
www.enforcementdirectorate.gov.in,Drupal
eoiasuncion.gov.in,WP
authenticate.epramaan.gov.in,Drupal
department.epramaan.gov.in,WP
www.eprocure.gov.in,WP
erpc.gov.in,WP
esamiksha.gov.in,WP
docs.ewaybillgst.gov.in,Joomla
fabkerala.gov.in,Joomla
farmech.gov.in,WP
fasalrin.gov.in,WP
feasttr.gov.in,Drupal
feasttrn.gov.in,Drupal
fifp.gov.in,WP
financialservices.gov.in,WP
finhry.gov.in,WP
fostac.fssai.gov.in,WP
jaivikbharat.fssai.gov.in,WP
gadchirolipolice.gov.in,Drupal
gallantryawards.gov.in,Drupal
gallantrymuseum.gov.in,Drupal
www.gandhismriti.gov.in,Drupal
gandhismriti.gov.in,WP
garv.gov.in,WP
sports.ghmc.gov.in,Drupal
vikasam.ghmc.gov.in,Drupal
girg.gov.in,Drupal
www.girg.gov.in,Drupal
www.agri.goa.gov.in,WP
cbes.goa.gov.in,Drupal
dosw.goa.gov.in,WP
dpg.goa.gov.in,WP
gavlts.goa.gov.in,WP
gcp.goa.gov.in,WP
gdch.goa.gov.in,WP
www.gsic.goa.gov.in,WP
gssa.goa.gov.in,WP
goatransport.gov.in,Drupal
www.goavidhansabha.gov.in,WP
igod.gov.in,WP
golaghatjudiciary.gov.in,WP
gondiapolice.gov.in,Drupal
www.gpcb.gov.in,Drupal
greentribunal.gov.in,Drupal
uat.irndedup.gst.gov.in,Drupal
return.gst.gov.in,Drupal
uatgskappointment.gst.gov.in,Drupal
gstkarnataka.gov.in,WP
www.gstludhiana.gov.in,WP
commercialtax.gujarat.gov.in,WP
sje.gujarat.gov.in,Drupal
indian.handicrafts.gov.in,WP
handloomcensus.gov.in,WP
haraviation.gov.in,WP
hareda.gov.in,WP
pmkusum.hareda.gov.in,Drupal
harenvironment.gov.in,WP
harfish.gov.in,WP
hargauseva.gov.in,WP
harprathmik.gov.in,WP
hartrans.gov.in,WP
www.hartrans.gov.in,WP
www.haryana.gov.in,WP
acb.haryana.gov.in,WP
ayushmanbharat.haryana.gov.in,WP
commhsr.haryana.gov.in,WP
gramdarshan.haryana.gov.in,WP
onetimeregn.haryana.gov.in,WP
sewa.haryana.gov.in,WP
sjeti.haryana.gov.in,WP
skill.haryana.gov.in,WP
rtsc.gov.in,WP
haryanaarchives.gov.in,WP
haryanaassembly.gov.in,WP
svamitva.haryanadp.gov.in,WP
haryanafood.gov.in,WP
haryanaforest.gov.in,WP
campa.haryanaforest.gov.in,WP
yamunanagar.haryanapolice.gov.in,WP
haryanarajbhavan.gov.in,WP
haryanarera.gov.in,Drupal
haryanarural.gov.in,Drupal
www.haryanarural.gov.in,WP
www.haryanascbc.gov.in,Drupal
haryanasports.gov.in,Drupal
www.haryanatransport.gov.in,WP
hcicolombo.gov.in,WP
hcidhaka.gov.in,WP
hckerala.gov.in,Drupal
old.hda.gov.in,WP
herc.gov.in,WP
systems.hid.gov.in,WP
www.hil.gov.in,WP
himachaldit.gov.in,WP
www.himachalpr.gov.in,WP
himachalpr.gov.in,WP
himachaltourism.gov.in,WP
rts.himurja.gov.in,WP
hisar.gov.in,WP
masterplan.hmda.gov.in,WP
www.homeguardsharyana.gov.in,WP
polynet.hortharyana.gov.in,WP
analytics.hp.gov.in,Drupal
ayurveda.hp.gov.in,Drupal
www.education.hp.gov.in,Drupal
himachalptc.hp.gov.in,WP
planning.hp.gov.in,Drupal
rcms.hp.gov.in,WP
www.hpccc.gov.in,WP
hpmandi.gov.in,WP
citizenportal.hppolice.gov.in,WP
recruitment.hppolice.gov.in,WP
regn.hpsc.gov.in,WP
hpshimla.nic.in,WP
hpsirmaur.gov.in,WP
hrmsorissa.gov.in,WP
hrtc.gov.in,WP
hryguesthouse.gov.in,WP
www.hwb.gov.in,Drupal
hyderabadwater.gov.in,Drupal
local.hyderabadwater.gov.in,WP
miningplan.ibm.gov.in,Drupal
oldreturns.ibm.gov.in,WP
ibsd.gov.in,WP
www.icar.gov.in,WP
aicrp.icar.gov.in,Joomla
aicrponforagecrops.icar.gov.in,WP
alumni.icar.gov.in,Drupal
amsuhs.icar.gov.in,WP
ataripune.icar.gov.in,WP
atariz1.icar.gov.in,WP
biosafety.icar.gov.in,WP
ccri.icar.gov.in,WP
ciae.icar.gov.in,WP
ciba.icar.gov.in,WP
ciphet.icar.gov.in,Drupal
jafexpert.crijaf.icar.gov.in,Drupal
ctri.icar.gov.in,WP
dkma.icar.gov.in,Joomla
fvms.icar.gov.in,WP
old.icar.gov.in,WP
icarrcer.icar.gov.in,WP
icas2019.icar.gov.in,WP
igfri.icar.gov.in,WP
iims.icar.gov.in,Drupal
iipr.icar.gov.in,WP
iisr.icar.gov.in,Drupal
iiss.icar.gov.in,Joomla
iiwbr.icar.gov.in,WP
kvk.icar.gov.in,WP
kvkkodagu.icar.gov.in,WP
mail.icar.gov.in,WP
2fmail.icar.gov.in,WP
2Fmail.icar.gov.in,WP
mgifri.icar.gov.in,WP
misfms.icar.gov.in,WP
naip.icar.gov.in,WP
nbaim.icar.gov.in,Drupal
nbsslup.icar.gov.in,Joomla
www.nrcmeat.icar.gov.in,Drupal
nrcss.icar.gov.in,Drupal
qms.icar.gov.in,Drupal
rlbs.icar.gov.in,WP
seedres.icar.gov.in,Drupal
ifb.icfre.gov.in,WP
www.idm.gov.in,WP
www.idtr.gov.in,WP
patna.idtr.gov.in,WP
idukki.gov.in,WP
pm.igrmaharashtra.gov.in,Drupal
www.igrsup.gov.in,Drupal
www.igrua.gov.in,Drupal
igrua.gov.in,Drupal
recruitment.iirs.gov.in,Drupal
iitf.gov.in,WP
www.ikm.gov.in,WP
incometaxgujarat.gov.in,WP
www.incredibleindia.gov.in,WP
www.indembassyhanoi.gov.in,Drupal
www.indembassyisrael.gov.in,Drupal
indembassysuriname.gov.in,WP
indembassysweden.gov.in,WP
indembthimphu.gov.in,WP
indemguatemala.gov.in,WP
www.ors.gov.in,Drupal
nhmmeghalaya.nic.in,Drupal
jharsewa.jharkhand.gov.in,Drupal
forestsclearance.nic.in,WP
npti.gov.in,Drupal
ts.meeseva.telangana.gov.in,Drupal
ikhedut.gujarat.gov.in,Joomla
nidhi.tourism.gov.in,WP
shramsuvidha.gov.in,Drupal
meacms.mea.gov.in,Drupal
nclt.gov.in,WP
coophp.nic.in,Drupal
www.jharkhand.gov.in,WP
ips.gov.in,WP
dental.mponline.gov.in,WP
hydconvergence.telangana.gov.in,WP
bbmptax.karnataka.gov.in,WP
bescom.karnataka.gov.in,Drupal
www.tnhb.tn.gov.in,WP
dor.gov.in,Drupal
himachalforms.nic.in,WP
mirsac.mizoram.gov.in,Drupal
water.gov.in,Drupal
indiainvestmentgrid.gov.in,WP
www.indiancoastguard.gov.in,Drupal
www.indianculture.gov.in,Drupal
nrts.indiannursingcouncil.gov.in,WP
uat.indiapost.gov.in,Drupal
www.indiapostwb.gov.in,Drupal
compliance.insight.gov.in,WP
static.investindia.gov.in,Joomla
cbr.irdai.gov.in,WP
dept.hkrnl.itiharyana.gov.in,Drupal
itpolicyup.gov.in,WP
itufstxcindia.gov.in,Drupal
www.iwai.gov.in,Drupal
iwai.gov.in,WP
jalgaon.gov.in,Drupal
jalgaonpolice.gov.in,WP
jaljeevankosh.gov.in,WP
jaljeevanmission.gov.in,Drupal
dowr.gov.in,WP
janaushadhi.gov.in,WP
jeevanpramaan.gov.in,WP
jharkhandtenders.gov.in,WP
epm.jk.gov.in,WP
jklmc.gov.in,Drupal
www.jpsc.gov.in,WP
jutecomm.gov.in,WP
kaithal.gov.in,WP
kanker.gov.in,WP
www.kanker.gov.in,WP
kannur.gov.in,WP
kannur.nic.in,WP
www.kapurthalapolice.gov.in,WP
karaikal.gov.in,Drupal
ahvs.karnataka.gov.in,Joomla
ambigaradevelopment.karnataka.gov.in,Joomla
www.covidwar.karnataka.gov.in,WP
k1app.karnatakaone.gov.in,WP
www.karnatakapost.gov.in,WP
kasargod.gov.in,WP
www.atmakollam.kerala.gov.in,Joomla
bcdd.kerala.gov.in,Joomla
www.eep.bcdd.kerala.gov.in,WP
www.celsgd.kerala.gov.in,WP
www.ceo.kerala.gov.in,WP
webfile.ceo.kerala.gov.in,WP
childwelfare.kerala.gov.in,WP
clinicalestablishments.kerala.gov.in,WP
receipts.cmdrf.kerala.gov.in,WP
www.cmopcmg.kerala.gov.in,WP
coir.kerala.gov.in,WP
collegiateedu.kerala.gov.in,WP
cte.kerala.gov.in,Joomla
cwrdm.kerala.gov.in,Joomla
dashboard.kerala.gov.in,WP
www.dc.kerala.gov.in,WP
dentalcouncil.kerala.gov.in,WP
www.dhsetransfer.kerala.gov.in,Joomla
dhtschemes.kerala.gov.in,Joomla
dicoffice.kerala.gov.in,Joomla
dme.kerala.gov.in,WP
www.dme.kerala.gov.in,WP
ecostat.kerala.gov.in,WP
ecostatportal.kerala.gov.in,Joomla
education.kerala.gov.in,WP
www.egrantzfisheries.kerala.gov.in,Drupal
egroops.kerala.gov.in,WP
ehealth.kerala.gov.in,WP
emaps.kerala.gov.in,WP
epos.kerala.gov.in,WP
etenders.kerala.gov.in,WP
efims.kerala.gov.in,WP
www.fair.kerala.gov.in,WP
fire.kerala.gov.in,Drupal
www.cds.fire.kerala.gov.in,Drupal
firstministry.kerala.gov.in,WP
fisheries.kerala.gov.in,WP
www.fisheries.kerala.gov.in,Joomla
floodcess.kerala.gov.in,Drupal
foodsafety.kerala.gov.in,WP
old.forest.kerala.gov.in,Joomla
www.gadsplais.kerala.gov.in,WP
www.handloom.kerala.gov.in,Joomla
haritham.kerala.gov.in,Joomla
hed.kerala.gov.in,Joomla
www.ipromise.hed.kerala.gov.in,Joomla
homoeopathy.kerala.gov.in,WP
www.hseportal.kerala.gov.in,WP
hsgtechdept.kerala.gov.in,WP
igr.kerala.gov.in,Drupal
industry.kerala.gov.in,Joomla
www.industry.kerala.gov.in,Joomla
schemes.industry.kerala.gov.in,Joomla
insurance.kerala.gov.in,Drupal
www.itiadmissions.kerala.gov.in,Drupal
jobfest.kerala.gov.in,Joomla
kbps.kerala.gov.in,WP
kdisc.kerala.gov.in,WP
www.abcd.kdisc.kerala.gov.in,WP
keralacseb.kerala.gov.in,WP
keralapuraskaram.kerala.gov.in,Joomla
kfwfb.kerala.gov.in,WP
kgtexam.kerala.gov.in,WP
employers.knowledgemission.kerala.gov.in,WP
knr.kerala.gov.in,WP
jobs.kpesrb.kerala.gov.in,WP
ksacs.kerala.gov.in,WP
ksad.kerala.gov.in,WP
ksbc.kerala.gov.in,WP
ecdesk.kscbc.kerala.gov.in,WP
kscscst.kerala.gov.in,WP
kscste.kerala.gov.in,Joomla
submit.kscste.kerala.gov.in,Joomla
ksd.kerala.gov.in,WP
www.ksd.kerala.gov.in,WP
ksidcapplications.kerala.gov.in,WP
ksitil.kerala.gov.in,WP
kspcb.kerala.gov.in,WP
www.ksrec.kerala.gov.in,WP
ksrtcswift.kerala.gov.in,WP
ksvc.kerala.gov.in,WP
kswift.kerala.gov.in,Joomla
ksywb.kerala.gov.in,Joomla
kwa.kerala.gov.in,WP
lc.kerala.gov.in,Joomla
wps.lc.kerala.gov.in,Drupal
www.life2020.kerala.gov.in,WP
lifemission.kerala.gov.in,WP
lrd.kerala.gov.in,Joomla
www.lsgelection.kerala.gov.in,Joomla
tools.malayalam.kerala.gov.in,Joomla
www.mcc.kerala.gov.in,Joomla
ports.kerala.gov.in,WP
minoritywelfare.kerala.gov.in,WP
www.mizhiv.kerala.gov.in,Drupal
mm.kerala.gov.in,Joomla
www.navakeralasadas.kerala.gov.in,WP
neocradle.kerala.gov.in,WP
statenirmithi.kerala.gov.in,WP
nmmse.kerala.gov.in,WP
nregs.kerala.gov.in,WP
portinfo.kerala.gov.in,Drupal
www.prc.kerala.gov.in,Drupal
prd.kerala.gov.in,WP
www.prd.kerala.gov.in,WP
prdlive.kerala.gov.in,Drupal
www.pwd.kerala.gov.in,Joomla
resthouse.pwd.kerala.gov.in,Joomla
www.relief.kerala.gov.in,WP
reraonline.kerala.gov.in,Drupal
revenueadalath.kerala.gov.in,Drupal
rtiportal.kerala.gov.in,WP
oems.kerala.gov.in,WP
scert.kerala.gov.in,WP
sec.kerala.gov.in,WP
services.kerala.gov.in,WP
sha.kerala.gov.in,WP
rti.sic.kerala.gov.in,WP
siemat.kerala.gov.in,Drupal
sjd.kerala.gov.in,Joomla
slna.kerala.gov.in,WP
www.sslcexam.kerala.gov.in,WP
sslchiexam.kerala.gov.in,Joomla
www.swtd.kerala.gov.in,WP
bams.treasury.kerala.gov.in,Drupal
isoft.treasury.kerala.gov.in,Drupal
trida.kerala.gov.in,Drupal
www.unispark.kerala.gov.in,Joomla
www.vhscap.kerala.gov.in,Joomla
xequivalency.kerala.gov.in,WP
yip.kerala.gov.in,WP
zerolandless.kerala.gov.in,Drupal
www.keralaagriculture.gov.in,WP
keralaenergy.gov.in,WP
keralafilms.gov.in,Drupal
keralaprisons.gov.in,Drupal
www.keralatourism.gov.in,Drupal
knowindia.gov.in,WP
kolhapurpolice.gov.in,WP
www.kolkatacustoms.gov.in,WP
www.kolkataporttrust.gov.in,Drupal
kollamruralpolice.gov.in,WP
www.kondagaon.gov.in,WP
kondagaon.gov.in,WP
korba.gov.in,WP
www.korea.gov.in,WP
korea.gov.in,WP
kottayam.gov.in,WP
www.kundalforestacademy.gov.in,WP
www.kvic.gov.in,Joomla
www.kviconline.gov.in,WP
kvkcalicut.gov.in,WP
app.kvs.gov.in,WP
kvsonlineadmission.kvs.gov.in,WP
robangalore.kvs.gov.in,WP
robhubaneswar.kvs.gov.in,WP
rodehradun.kvs.gov.in,WP
rodelhi.kvs.gov.in,WP
rojammu.kvs.gov.in,WP
rosilchar.kvs.gov.in,Drupal
labdirodisha.gov.in,Drupal
www.bocboard.labdirodisha.gov.in,Drupal
labourbureau.gov.in,WP
lalitkala.gov.in,WP
larpm.gov.in,Drupal
centre.lbsnaa.gov.in,Drupal
logistics.gov.in,WP
lpsc.gov.in,Drupal
dashboard.lsgkerala.gov.in,Drupal
eloor.lsgkerala.gov.in,Drupal
impactkerala.lsgkerala.gov.in,Drupal
kottakkal.lsgkerala.gov.in,Drupal
kozhikodecorporation.lsgkerala.gov.in,Drupal
parappanangadimunicipality.lsgkerala.gov.in,Drupal
revenue.lsgkerala.gov.in,Drupal
sanchaya.lsgkerala.gov.in,Drupal
sulekha.lsgkerala.gov.in,Drupal
tax.lsgkerala.gov.in,Drupal
thamarassery.lsgkerala.gov.in,Drupal
thrikkakara.lsgkerala.gov.in,Drupal
thrissurcorporation.lsgkerala.gov.in,Drupal
mahaecotourism.gov.in,WP
www.mahaecotourism.gov.in,WP
agridbtworkflow.mahaonline.gov.in,Drupal
aurangabadrailway.mahapolice.gov.in,Drupal
www.cidco.maharashtra.gov.in,Drupal
digitalservicebook.maharashtra.gov.in,WP
doa.maharashtra.gov.in,WP
doi.maharashtra.gov.in,Drupal
dte.maharashtra.gov.in,WP
grahak.maharashtra.gov.in,WP
healthgrievanceredressal.maharashtra.gov.in,WP
lokayukta.maharashtra.gov.in,WP
mahageoportal.maharashtra.gov.in,Joomla
www.mahasahakar.maharashtra.gov.in,WP
mshc.maharashtra.gov.in,WP
msrtc.maharashtra.gov.in,WP
www.mwrra.maharashtra.gov.in,Drupal
sic.maharashtra.gov.in,WP
maharashtracdhg.gov.in,WP
maharashtrasrpf.gov.in,WP
www.maharashtratourism.gov.in,WP
udyog.mahaswayam.gov.in,WP
mahatribal.gov.in,WP
www.mail.gov.in,WP
kavach.mail.gov.in,WP
mailhptax.gov.in,WP
www.makeinindiadefence.gov.in,WP
manipurfireservice.gov.in,WP
www.manipurfireservice.gov.in,WP
nlc.manipurforest.gov.in,WP
manipurminority.gov.in,WP
manipurpolice.gov.in,WP
manipurtaxes.gov.in,WP
manipurtenders.gov.in,WP
manipurvat.gov.in,WP
mansa.nic.in,WP
manthan.gov.in,WP
coe.mapit.gov.in,WP
mapservice.gov.in,Drupal
marathi.gov.in,WP
directorate.marathi.gov.in,WP
mcambala.gov.in,Drupal
csb.mcd.gov.in,WP
training.mcrhrdi.gov.in,Drupal
mcsirsa.gov.in,Drupal
megdbt.gov.in,WP
megfireservice.gov.in,Drupal
sad.meghalaya.gov.in,Drupal
meglaw.gov.in,WP
megphed.gov.in,Drupal
www.meity.gov.in,WP
msh.meity.gov.in,WP
25252Fmybharat.gov.in,Drupal
abc.digilocker.gov.in,Drupal
ndmindia.mha.gov.in,WP
papvt.mha.gov.in,Drupal
lottery.mhada.gov.in,Drupal
mharti.gov.in,WP
mhrdnats.gov.in,WP
iic.mic.gov.in,WP
asean.mic.gov.in,WP
yukti.mic.gov.in,Drupal
madc.mizoram.gov.in,WP
muda.mn.gov.in,WP
obps.mn.gov.in,WP
\obps.mn.gov.in,WP
www.socialwelfare.mn.gov.in,WP
ssl.mnre.gov.in,WP
mnreda.gov.in,WP
mobileseva.gov.in,Drupal
healthpolicy.mohfw.gov.in,WP
ncdc.mohfw.gov.in,Drupal
ncvbdc.mohfw.gov.in,Drupal
nin.mohfw.gov.in,WP
amplifi.mohua.gov.in,WP
dashboard.mohua.gov.in,WP
nudm.mohua.gov.in,Drupal
moprngo.gov.in,Drupal
morigaon.gov.in,Drupal
morigaonjudiciary.gov.in,Drupal
sdgindia2030.mospi.gov.in,WP
www.mowr.gov.in,WP
mowr.gov.in,WP
ataljal.mowr.gov.in,Joomla
gisnmcg.mowr.gov.in,Joomla
mptax.mp.gov.in,WP
mptbc.mp.gov.in,WP
sparsh.mp.gov.in,Drupal
mpbhawan.gov.in,WP
www.mpbhulekh.gov.in,WP
ndps.mponline.gov.in,WP
spr.mponline.gov.in,WP
staging.mponline.gov.in,WP
mppanchayatdarpan.gov.in,WP
mpplanningcommission.gov.in,WP
chhatarpur.mppolice.gov.in,WP
gwalior.mppolice.gov.in,WP
harda.mppolice.gov.in,WP
indore.mppolice.gov.in,WP
jabalpur.mppolice.gov.in,WP
mandsour.mppolice.gov.in,WP
narcotics.mppolice.gov.in,WP
neemuch.mppolice.gov.in,WP
pandhurna.mppolice.gov.in,WP
rewa.mppolice.gov.in,WP
sagar.mppolice.gov.in,WP
satna.mppolice.gov.in,WP
seoni.mppolice.gov.in,WP
mrsac.gov.in,Drupal
www.mrsac.gov.in,Drupal
msde.gov.in,WP
sankalp.msde.gov.in,WP
www.mshrc.gov.in,Drupal
hrcnet.nic.in,Drupal
msmedikarnal.gov.in,Drupal
msmedildh.gov.in,Drupal
msmedipatna.gov.in,WP
msmeregistration.gov.in,WP
www.mumbaicustomszone1.gov.in,WP
www.mumbaipolice.gov.in,WP
www.mumbaiport.gov.in,WP
pledge.cvc.nic.in,WP
myvisit.gov.in,Drupal
www.naa.gov.in,Drupal
nacin.gov.in,WP
ngodarpan.nacwc.gov.in,WP
nadt.gov.in,WP
www.nadt.gov.in,WP
ceo.nagaland.gov.in,WP
chiefminister.nagaland.gov.in,WP
dgm.nagaland.gov.in,WP
dlrs.nagaland.gov.in,WP
dte.nagaland.gov.in,WP
ebiz.nagaland.gov.in,WP
forest.nagaland.gov.in,WP
hortidept.nagaland.gov.in,WP
idan.nagaland.gov.in,WP
ilp.nagaland.gov.in,WP
kmc.nagaland.gov.in,Drupal
nbocw.nagaland.gov.in,WP
nimsr.nagaland.gov.in,WP
npcb.nagaland.gov.in,WP
nsdma.nagaland.gov.in,WP
nssb.nagaland.gov.in,WP
scholarship.nagaland.gov.in,WP
ud.nagaland.gov.in,WP
nagalandtenders.gov.in,Drupal
nagarzp.gov.in,Drupal
nagpurpolice.gov.in,Drupal
nagpurrailwaypolice.gov.in,Drupal
www.nagpurrailwaypolice.gov.in,Drupal
naitik.gov.in,WP
www.namami.gov.in,WP
namayush.gov.in,WP
www.nashikruralpolice.gov.in,Joomla
navimumbaipolice.gov.in,WP
navodaya.gov.in,WP
ncaa.gov.in,Drupal
www.ncaor.gov.in,Drupal
forms.ncert.gov.in,Joomla
itpd.ncert.gov.in,Drupal
kalautsav.ncert.gov.in,Joomla
ncertbooks.ncert.gov.in,Drupal
osre.ncert.gov.in,Drupal
www.ncess.gov.in,Drupal
www.nchm.gov.in,Drupal
nclat.gov.in,WP
efiling.nclat.gov.in,Drupal
ncog.gov.in,WP
app.ncog.gov.in,WP
spqr.ncs.gov.in,Drupal
ncsconf.gov.in,Drupal
mail.ncsm.gov.in,WP
ndhm.gov.in,WP
facility.ndhm.gov.in,Drupal
www.ndl.gov.in,Drupal
iconf.ndl.gov.in,WP
nvtilakmarg.ndmc.gov.in,Drupal
online.ndmc.gov.in,Drupal
sparrow.ndmc.gov.in,Drupal
ndrf.gov.in,WP
nehrusciencecentre.gov.in,WP
neigrihms.gov.in,WP
wbla.neva.gov.in,WP
www.ngodarpan.gov.in,WP
nha.gov.in,WP
nnp.nhb.gov.in,WP
www.nhmodisha.gov.in,WP
ntcp.nhp.gov.in,WP
pmsma.nhp.gov.in,WP
onlineaccr.nielit.gov.in,Drupal
ndl.nielit.gov.in,Drupal
niphm.gov.in,Drupal
nird.gov.in,Drupal
nisd.gov.in,WP
www.nmmc.gov.in,Drupal
2Fwww.nmmc.gov.in,Drupal
nmoop.gov.in,WP
www.nmoop.gov.in,WP
www.icroamrit.npcindia.gov.in,WP
nrhmorissa.gov.in,Drupal
nyayavikas.nrsc.gov.in,WP
suvidha1.nrsc.gov.in,WP
ndr.nsdi.gov.in,Drupal
www.nsgm.gov.in,Drupal
nsi.gov.in,Drupal
nsiindia.gov.in,Drupal
www.nsiindia.gov.in,WP
ntiprit.gov.in,WP
nwcmc.gov.in,WP
www.nwcmc.gov.in,Drupal
ct.odisha.gov.in,WP
panchayatsabha.odisha.gov.in,Drupal
www.odishaminerals.gov.in,Drupal
apiportal.odishaminerals.gov.in,Drupal
www.odishatransport.gov.in,WP
odishatreasury.gov.in,WP
www.opsc.gov.in,WP
www.osssc.gov.in,WP
www.packolkata.gov.in,WP
palakkad.gov.in,WP
palakkad.nic.in,WP
www.palghar.gov.in,WP
palwal.gov.in,WP
www.panchayat.gov.in,WP
echallan.parivahan.gov.in,WP
fancy.parivahan.gov.in,WP
irad.parivahan.gov.in,WP
vscrap.parivahan.gov.in,Drupal
embassy.passportindia.gov.in,WP
org2.passportindia.gov.in,WP
pccacbdt.gov.in,Joomla
petropragati.gov.in,Drupal
mis.phedbihar.gov.in,Drupal
phedharyana.gov.in,Drupal
archive.pib.gov.in,WP
blogs.pib.gov.in,WP
pwd.gov.in,Drupal
www.plantauthority.gov.in,Drupal
pmawards.gov.in,Drupal
pmindiaun.gov.in,Drupal
pminewyork.gov.in,Drupal
pngrb.gov.in,Drupal
powermin.gov.in,Drupal
www.ppsc.gov.in,WP
www.presidentofindia.gov.in,WP
pserc.gov.in,WP
punerailwaypolice.gov.in,WP
nigam.punjab.gov.in,WP
edistrict.punjab.gov.in,WP
eproc.punjab.gov.in,Drupal
prbdb.punjab.gov.in,WP
www.welfare.punjab.gov.in,Drupal
barnala.punjabpolice.gov.in,WP
www.punjabpostalcircle.gov.in,WP
punjabrajbhavan.gov.in,WP
punjabroadsgis.gov.in,WP
covid19dashboard.py.gov.in,Drupal
dic.py.gov.in,Drupal
prera.py.gov.in,Drupal
rajnivas.py.gov.in,WP
regnec.py.gov.in,WP
dausapolice.rajasthan.gov.in,WP
www.dceapp.rajasthan.gov.in,Joomla
excise.rajasthan.gov.in,WP
rajbhashasamiti.gov.in,WP
www.rajbhavankolkata.gov.in,WP
www.rajbhavanodisha.gov.in,WP
rajcensus.gov.in,WP
www.rashtrapatibhavan.gov.in,WP
rbsk.gov.in,WP
rcsharyana.gov.in,WP
rcueshyd.gov.in,WP
revenueharyana.gov.in,WP
www.rimc.gov.in,WP
rmc.gov.in,WP
rrbmuzaffarpur.gov.in,WP
www.rrcat.gov.in,WP
www.info.rrcat.gov.in,WP
www.rrcb.gov.in,WP
rronline.gov.in,WP
rtcer.gov.in,WP
rurban.gov.in,WP
rwdbihar.gov.in,Drupal
s3waas.gov.in,WP
andhrapradesh.s3waas.gov.in,WP
auth.s3waas.gov.in,WP
haryana.s3waas.gov.in,WP
odisha.s3waas.gov.in,WP
s30bb4aec1710521c12ee76289d9440817.s3waas.gov.in,WP
s30cb929eae7a499e50248a3a78f7acfc7.s3waas.gov.in,WP
s320c9f5700da1088260df60fcc5df2b53.s3waas.gov.in,WP
s32723d092b63885e0d7c260cc007e8b9d.s3waas.gov.in,WP
s32d2ca7eedf739ef4c3800713ec482e1a.s3waas.gov.in,WP
s33493894fa4ea036cfc6433c3e2ee63b0.s3waas.gov.in,WP
s367f7fb873eaf29526a11a9b7ac33bfac.s3waas.gov.in,WP
s36c97cd07663b099253bc569fe8d342bb.s3waas.gov.in,WP
s3761c7920f470038d4c8a619c79eddd62.s3waas.gov.in,WP
s37b4773c039d539af17c883eb9283dd14.s3waas.gov.in,WP
s388bfcf02e7f554f9e9ea350b699bc6a7.s3waas.gov.in,WP
s397e8527feaf77a97fc38f34216141515.s3waas.gov.in,WP
s3a3eb043e7bf775de87763e9f8121c953.s3waas.gov.in,WP
s3b137fdd1f79d56c7edf3365fea7520f2.s3waas.gov.in,WP
s3c4ca4238a0b923820dcc509a6f75849b.s3waas.gov.in,WP
s3c81e728d9d4c2f636f067f89cc14862c.s3waas.gov.in,WP
s3c8dfece5cc68249206e4690fc4737a8d.s3waas.gov.in,WP
s3d79c6256b9bdac53a55801a066b70da3.s3waas.gov.in,WP
s3fccb3cdc9acc14a6e70a12f74560c026.s3waas.gov.in,Drupal
ceir.sancharsaathi.gov.in,WP
saralsanchar.gov.in,WP
satara.gov.in,Drupal
saubhagya.gov.in,WP
sbkosh.gov.in,WP
www.scl.gov.in,WP
mi.sebi.gov.in,WP
siportal.sebi.gov.in,WP
secc.gov.in,WP
seismo.gov.in,Drupal
riseq.seismo.gov.in,WP
sikkim.gov.in,Drupal
cmdrf.sikkim.gov.in,WP
ec.sikkim.gov.in,WP
udhd.sikkim.gov.in,WP
www.sikkimfred.gov.in,WP
sikkimtourism.gov.in,WP
www.sikkimtourism.gov.in,WP
silentvalley.gov.in,WP
sindhudurg.nic.in,Drupal
sindhudurgpolice.gov.in,Drupal
skillindiadigital.gov.in,Drupal
www.smkc.gov.in,WP
www.socialjusticehry.gov.in,WP
solapurcorporation.gov.in,WP
www.solapurcorporation.gov.in,Drupal
www.solarrooftop.gov.in,WP
solarrooftop.gov.in,WP
sonipat.gov.in,WP
southwestkhasihills.gov.in,Joomla
www.info.spark.gov.in,Joomla
portal.sportsodisha.gov.in,WP
www.spscskm.gov.in,WP
sslcexamkerala.gov.in,WP
stscodisha.gov.in,WP
studyinindia.gov.in,WP
subernarekha.gov.in,WP
sugamlabs.gov.in,WP
tamra.gov.in,WP
tarangsanchar.gov.in,Drupal
onlineapps.teaboard.gov.in,Drupal
afrchry.techeduhry.gov.in,WP
www.telangana.gov.in,WP
agri.telangana.gov.in,WP
ayush.telangana.gov.in,WP
clw.telangana.gov.in,WP
fmis.telangana.gov.in,WP
ganeshtemplesec.telangana.gov.in,WP
goir.telangana.gov.in,WP
icadr.telangana.gov.in,WP
it.telangana.gov.in,WP
jagtialmunicipality.telangana.gov.in,WP
jangaon.telangana.gov.in,WP
kalwakurthymunicipality.telangana.gov.in,WP
karimnagar.telangana.gov.in,WP
karimnagarcorporation.telangana.gov.in,WP
khammamcorporation.telangana.gov.in,WP
lifesciences.telangana.gov.in,WP
lm.telangana.gov.in,WP
lrs.telangana.gov.in,WP
mahabubabad.telangana.gov.in,WP
meerpetcorporation.telangana.gov.in,WP
tsstaging.meeseva.telangana.gov.in,WP
www.mhsrb.telangana.gov.in,WP
mines.telangana.gov.in,WP
narayanpet.telangana.gov.in,WP
nizamabad.telangana.gov.in,WP
pocharammunicipality.telangana.gov.in,WP
publichealth.telangana.gov.in,WP
roadbuild.telangana.gov.in,WP
scm.telangana.gov.in,WP
siddipet.telangana.gov.in,WP
sircillamunicipality.telangana.gov.in,WP
suryapetmunicipality.telangana.gov.in,WP
www.swagruha.telangana.gov.in,WP
tdiagnostics.telangana.gov.in,WP
treirb.telangana.gov.in,WP
uat2schooledu.telangana.gov.in,WP
wanaparthy.telangana.gov.in,WP
wanaparthymunicipality.telangana.gov.in,WP
www.wdsc.telangana.gov.in,WP
yellareddymunicipality.telangana.gov.in,Drupal
texmin.gov.in,WP
nttm.texmin.gov.in,WP
thanepolice.gov.in,WP
www.aed.tn.gov.in,Drupal
mis.aed.tn.gov.in,Drupal
bcmbcscholarship.tn.gov.in,Joomla
www.ckicp.tn.gov.in,Drupal
crdpr.tn.gov.in,Drupal
www.erolls.tn.gov.in,WP
labour.tn.gov.in,WP
www.labour.tn.gov.in,WP
www.msmetamilnadu.tn.gov.in,Drupal
mtcbus.tn.gov.in,Drupal
nrtamils.tn.gov.in,Drupal
oap.tn.gov.in,Drupal
sipcot.tn.gov.in,WP
spc.tn.gov.in,WP
www.spc.tn.gov.in,WP
www.stationeryprinting.tn.gov.in,WP
www.tamilnadutourism.tn.gov.in,WP
www.tnega.tn.gov.in,WP
tnega.tn.gov.in,WP
tnesevai.tn.gov.in,WP
www.tnesevai.tn.gov.in,Joomla
tnprivatejobs.tn.gov.in,WP
vptax.tnrd.tn.gov.in,WP
www.tnsja.tn.gov.in,Drupal
www.tnskill.tn.gov.in,WP
tnskill.tn.gov.in,WP
finance.tnskill.tn.gov.in,WP
tnuwwb.tn.gov.in,Drupal
www.trb.tn.gov.in,Drupal
trb.tn.gov.in,Drupal
tnpcb.gov.in,WP
www.tnpcb.gov.in,WP
trichycorporation.gov.in,Drupal
www.trichycorporation.gov.in,Drupal
trichycustomszone.gov.in,Drupal
www.tripura.gov.in,Drupal
www.agri.tripura.gov.in,Drupal
agri.tripura.gov.in,Drupal
agrilicense.tripura.gov.in,Drupal
ardd.tripura.gov.in,Drupal
bcscl.tripura.gov.in,Drupal
biotechnologycouncil.tripura.gov.in,Drupal
bms.tripura.gov.in,Drupal
deeet.tripura.gov.in,Drupal
dme.tripura.gov.in,Drupal
dmeonline.tripura.gov.in,Drupal
eabgari.tripura.gov.in,Drupal
elementaryeducation.tripura.gov.in,WP
employment.tripura.gov.in,Drupal
fisheries.tripura.gov.in,Drupal
forest.tripura.gov.in,Drupal
hctlsc.tripura.gov.in,Drupal
health.tripura.gov.in,Drupal
www.health.tripura.gov.in,Drupal
horti.tripura.gov.in,Drupal
ica.tripura.gov.in,Drupal
industries.tripura.gov.in,Drupal
itiadmission.tripura.gov.in,Drupal
jeeonline.tripura.gov.in,Drupal
labour.tripura.gov.in,Drupal
ngdrs.tripura.gov.in,Drupal
nursingcouncil.tripura.gov.in,Drupal
obcw.tripura.gov.in,Drupal
political.tripura.gov.in,Drupal
www.prisons.tripura.gov.in,Drupal
prisons.tripura.gov.in,Drupal
ptax.tripura.gov.in,Drupal
pwd.tripura.gov.in,Drupal
rajbhavan.tripura.gov.in,Drupal
rera.tripura.gov.in,Drupal
revenue.tripura.gov.in,Drupal
ripsat.tripura.gov.in,Drupal
www.rural.tripura.gov.in,Drupal
rural.tripura.gov.in,Drupal
sabroomnp.tripura.gov.in,Drupal
scertonline.tripura.gov.in,Drupal
scw.tripura.gov.in,Drupal
sfsl.tripura.gov.in,Drupal
www.skillportal.tripura.gov.in,Drupal
slsa.tripura.gov.in,Drupal
socialwelfare.tripura.gov.in,Drupal
tbse.tripura.gov.in,Drupal
thc.tripura.gov.in,Drupal
thrc.tripura.gov.in,Drupal
tmcdcl.tripura.gov.in,Drupal
trbonline.tripura.gov.in,Drupal
trci.tripura.gov.in,Drupal
www.txcindia.gov.in,WP
www.udalgurijudiciary.gov.in,WP
vigilance.uk.gov.in,WP
www.ulbharyana.gov.in,WP
epariyojana.up.gov.in,WP
rtionline.up.gov.in,WP
skpn.up.gov.in,WP
upbhulekh.gov.in,WP
www.ursc.gov.in,WP
www.fazilka.nic.in,WP
www.vamnicom.gov.in,WP
indico.vecc.gov.in,WP
ftp.vigyanprasar.gov.in,Joomla
mail.vigyanprasar.gov.in,WP
vikaspedia.gov.in,WP
vmrda.gov.in,WP
www.vmrda.gov.in,WP
vsez.gov.in,Joomla
rmt.vssc.gov.in,Drupal
school.vssc.gov.in,Drupal
splregister.vssc.gov.in,WP
www.vvgnli.gov.in,WP
wardha.gov.in,WP
karmasathi.wb.gov.in,WP
wbcomtax.gov.in,Drupal
wbdmd.gov.in,Drupal
www.wbiwd.gov.in,Drupal
www.wbkanyashree.gov.in,Drupal
admin.wbkanyashree.gov.in,Drupal
elearning.wbkanyashree.gov.in,Drupal
karmasangbad.wblabour.gov.in,Drupal
karmasathips.wblabour.gov.in,Drupal
ecanteen.wbpolice.gov.in,WP
www.wbsec.gov.in,Drupal
carings.wcd.gov.in,WP
wep.gov.in,WP
www.westbengal.gov.in,WP
westbengalforest.gov.in,WP
westbengalpost.gov.in,WP
westbengalvaluationboard.gov.in,WP
westjaintiahills.gov.in,Drupal
wmduk.gov.in,WP
worldfoodindia.gov.in,Drupal
www.worldfoodindia.gov.in,WP
yavatmalpolice.gov.in,Drupal
www.yojana.gov.in,WP
www.youthportal.gov.in,WP
zpyavatmal.gov.in,Drupal
iwai.nic.in,WP
itbpolice.nic.in,WP
orissaresults.nic.in,Joomla
www.kshec.kerala.gov.in,WP
abdulkalam.nic.in,WP
www.abdulkalam.nic.in,WP
abhinavpahal.nic.in,WP
absefiling.nic.in,WP
adilabad.nic.in,WP
bcece.admissions.nic.in,WP
ccmn.admissions.nic.in,WP
ccmt.admissions.nic.in,WP
iimc.admissions.nic.in,WP
ipu.admissions.nic.in,WP
jacchd.admissions.nic.in,WP
jacdelhi.admissions.nic.in,WP
agjk.nic.in,WP
agriculturemizoram.nic.in,WP
agrimachinery.nic.in,WP
aipmt.nic.in,WP
www.aishe.nic.in,WP
aishe.nic.in,WP
akamantyodaya.nic.in,WP
aligarh.nic.in,WP
alirajpur.nic.in,WP
allahabad.nic.in,WP
amreli.nic.in,WP
amritmahotsav.nic.in,WP
dhara.amritmahotsav.nic.in,WP
amroha.nic.in,WP
ls.and.nic.in,WP
mggcm.and.nic.in,WP
nyaykhoj.and.nic.in,WP
andaman.nic.in,Drupal
www.angul.nic.in,WP
animalhusbandryjammu.nic.in,WP
annavaramdevasthanam.nic.in,WP
apsc.nic.in,WP
arcestathyd.nic.in,WP
www.archivepmo.nic.in,WP
arunaccounts.nic.in,WP
arunapmc.nic.in,WP
arungovard.nic.in,WP
www.asibhopal.nic.in,WP
asimustsee.nic.in,WP
assam.nic.in,WP
auraiya.nic.in,WP
awcmishp.nic.in,WP
ayushportal.nic.in,WP
babaakhandalamani.nic.in,WP
www.bageshwar.nic.in,WP
bageshwar.nic.in,WP
bagpat.nic.in,WP
bahraich.nic.in,WP
balangir.nic.in,WP
ballari.nic.in,WP
ballia.nic.in,WP
bangalorerural.nic.in,WP
barabanki.nic.in,WP
baramulla.nic.in,WP
www.bargarh.nic.in,WP
bargarh.nic.in,WP
bathinda.nic.in,WP
bbmchbalangir.nic.in,WP
bbnl.nic.in,WP
www.bbnl.nic.in,WP
bceceadmissions.nic.in,WP
begusarai.nic.in,WP
belagavi.nic.in,WP
bellary.nic.in,WP
betul.nic.in,WP
bhadrak.nic.in,WP
bhadrakcollege.nic.in,WP
bharatnetprogress.nic.in,WP
bhavini.nic.in,WP
bhavishya.nic.in,WP
bhavnagar.nic.in,WP
bhind.nic.in,WP
bhojpur.nic.in,WP
bhopal.nic.in,WP
aapda.bih.nic.in,WP
arwal.bih.nic.in,WP
ashwin.bih.nic.in,WP
asiexbrpatna.bih.nic.in,WP
bcebconline.bih.nic.in,WP
eletraces.bih.nic.in,WP
epacs.bih.nic.in,WP
www.gis.bih.nic.in,WP
homeonline.bih.nic.in,WP
www.icdsonline.bih.nic.in,WP
jehanabad.nic.in,WP
jilajantadarbar.bih.nic.in,WP
www.jkdmm.bih.nic.in,WP
jkdmm.bih.nic.in,WP
kishanganj.bih.nic.in,WP
kosidivision.bih.nic.in,WP
lakhisarai.bih.nic.in,WP
lsba.bih.nic.in,WP
madhubani.bih.nic.in,WP
madhubani.nic.in,WP
www.medhasoft.bih.nic.in,WP
medhasoft.bih.nic.in,WP
mungerdivision.bih.nic.in,WP
pmsonline.bih.nic.in,WP
www.prdnischaysoft.bih.nic.in,WP
prdnischaysoft.bih.nic.in,WP
rcdonline.bih.nic.in,WP
www.rcdonline.bih.nic.in,WP
rohtas.bih.nic.in,WP
saharsa.bih.nic.in,WP
saharsa.nic.in,WP
samastipur.bih.nic.in,WP
sarandivision.bih.nic.in,WP
sbte.bih.nic.in,WP
sheohar.nic.in,WP
vaishali.nic.in,WP
vidhansabha.bih.nic.in,WP
www.vidhansabha.bih.nic.in,WP
wdc.bih.nic.in,WP
bihar.nic.in,WP
bilaspur.nic.in,WP
birac.nic.in,WP
birbhum.nic.in,Drupal
bishnupur.nic.in,WP
bnhsenvis.nic.in,WP
botad.nic.in,WP
boudh.nic.in,WP
bsem.nic.in,WP
www.bseodisha.nic.in,WP
bsienvis.nic.in,WP
www.bsienvis.nic.in,WP
budaun.nic.in,WP
budgam.nic.in,WP
ccaagri.nic.in,WP
www.ccdisabilities.nic.in,WP
ccdisabilities.nic.in,Drupal
ccejk.nic.in,Drupal
ccras.nic.in,Drupal
www.ccras.nic.in,WP
cdacuttack.nic.in,Drupal
www.ceomadhyapradesh.nic.in,WP
ceomadhyapradesh.nic.in,WP
ceoodisha.nic.in,Drupal
ceopunjab.nic.in,Drupal
revenue.cg.nic.in,Drupal
cghskolkata.nic.in,WP
cglabour.nic.in,WP
www.cglabour.nic.in,WP
cgocmms.nic.in,WP
cgstandcustomsbbsr.nic.in,WP
chaibasa.nic.in,WP
chambaldivisionmp.nic.in,WP
champawat.nic.in,WP
champhai.nic.in,WP
chamrajnagar.nic.in,WP
chanda.nic.in,WP
chandauli.nic.in,WP
chandigarhdistrict.nic.in,WP
changlang.nic.in,Drupal
chatra.nic.in,Drupal
etenders.chd.nic.in,WP
www.cheb.nic.in,WP
cheb.nic.in,WP
chengalpattu.nic.in,WP
chennai.nic.in,WP
chenvis.nic.in,WP
www.chenvis.nic.in,WP
chhatarpur.nic.in,WP
chhindwara.nic.in,WP
chikkamagaluru.nic.in,Drupal
chikkaballapur.nic.in,Drupal
www.chittoor.nic.in,WP
www.chseodisha.nic.in,WP
chtenvis.nic.in,Drupal
chumoukedima.nic.in,Drupal
churachandpur.nic.in,Joomla
www.ciet.nic.in,Joomla
pb.cmdashboard.nic.in,Drupal
up.cmdashboard.nic.in,Drupal
coalindiatenders.nic.in,WP
cochincustoms.nic.in,WP
coconutboard.nic.in,WP
consprom.nic.in,Drupal
crimebranchjkpolice.nic.in,WP
eands.dacnet.nic.in,WP
rpms.dacnet.nic.in,WP
srfmtti.dacnet.nic.in,WP
www.dahd.nic.in,WP
dahod.nic.in,WP
mib.dashboard.nic.in,WP
moes.dashboard.nic.in,WP
dbtinputodisha.nic.in,WP
nfs.delhigovt.nic.in,Drupal
himmat.delhipolice.nic.in,WP
delhistatecommission.nic.in,WP
demoeproc.nic.in,Drupal
www.deskuenvis.nic.in,WP
corner.htmldesorissa.nic.in,WP
www.desorissa.nic.in,WP
www.dgll.nic.in,WP
lightdues.dgll.nic.in,WP
dgpm.nic.in,WP
www.dgpm.nic.in,WP
dhanbad.nic.in,WP
dharmapuri.nic.in,WP
dhenkanal.nic.in,WP
dhsodisha.nic.in,WP
dibangvalley.nic.in,WP
dietgangtok.nic.in,WP
diragrijmu.nic.in,WP
mz.dmdashboard.nic.in,Drupal
grams.dnh.nic.in,WP
saksham.nic.in,WP
www.eaindustry.nic.in,WP
easa.nic.in,WP
eastsiang.nic.in,WP
ebloodbankodisha.nic.in,WP
www.eprocurehsl.nic.in,WP
eprocurentpc.nic.in,WP
esahajmcaservices.nic.in,WP
evegoils.nic.in,WP
evidhan.nic.in,WP
secure.evidhan.nic.in,WP
evisitors.nic.in,WP
faridabad.nic.in,WP
fatehabad.nic.in,WP
fatehpur.nic.in,Drupal
faunaofindia.nic.in,Drupal
www.fcamin.nic.in,WP
feastnagaland.nic.in,WP
www.fsi.nic.in,WP
fsnl.nic.in,WP
www.gaca.nic.in,WP
gadag.nic.in,WP
gajapati.nic.in,WP
www.ganderbal.nic.in,WP
gandhinagar.nic.in,WP
gangtokdistrict.nic.in,WP
www.gdcktripura.nic.in,WP
gdcktripura.nic.in,WP
geo.nic.in,WP
ghcazlbench.nic.in,WP
gisodisha.nic.in,WP
goaocmms.nic.in,WP
godda.nic.in,WP
goicharters.nic.in,WP
gonda.nic.in,WP
gstprime2.nic.in,Drupal
iojn.guj.nic.in,Drupal
casestatus.nic.in,WP
gujarathighcourt.nic.in,WP
www.gujarathighcourt.nic.in,WP
www.gujdiploma.nic.in,WP
gujenvis.nic.in,WP
gumla.nic.in,WP
guna.nic.in,WP
gurdaspur.nic.in,WP
haj.nic.in,WP
handicrafts.nic.in,WP
www.handicrafts.nic.in,WP
www.handlooms.nic.in,WP
handlooms.nic.in,WP
hapur.nic.in,WP
haraadesh.nic.in,WP
himachalservices.nic.in,WP
himatithi.nic.in,WP
ofris.hp.nic.in,WP
stateredcross.hp.nic.in,WP
hpappp.nic.in,WP
hpbilaspur.nic.in,WP
hpchamba.nic.in,WP
hpfoodcommission.nic.in,WP
hpkinnaur.nic.in,WP
hpprtim.nic.in,WP
hpsja.nic.in,WP
ibmreg.nic.in,Drupal
iedodisha.nic.in,WP
dcms.iisfm.nic.in,WP
disfm.iisfm.nic.in,WP
indiaat75.nic.in,WP
upload.indiacode.nic.in,WP
bangladesh.nic.in,Drupal
informatics.nic.in,WP
ipension.nic.in,Drupal
ipg.nic.in,Drupal
www.irc.nic.in,WP
www.ismenvis.nic.in,WP
www.itbpolice.nic.in,WP
himveer.itbpolice.nic.in,WP
itipunjab.nic.in,Drupal
itipuri.nic.in,WP
ivri.nic.in,WP
jagatsinghpur.nic.in,WP
jagjivanramfoundation.nic.in,WP
jajpur.nic.in,WP
jakemp.nic.in,WP
www.jakemp.nic.in,WP
jakfinance.nic.in,WP
www.jakfinance.nic.in,WP
jaktrans.nic.in,WP
jalandhar.nic.in,WP
jammu.nic.in,WP
jamshedpur.nic.in,WP
sampark.nic.in,WP
jaunpur.nic.in,Drupal
jeeadv.nic.in,WP
jeecup.nic.in,WP
jercjkl.nic.in,WP
jhabua.nic.in,Drupal
jhajjar.nic.in,Drupal
jhansi.nic.in,WP
jhkocmms.nic.in,WP
jkfcr.nic.in,Drupal
www.jnuenvis.nic.in,Drupal
jnvbwnwb.nic.in,Drupal
jobsfordeaf.nic.in,WP
www.jspcb.nic.in,WP
judicialacademy.nic.in,WP
www.judicialacademy.nic.in,WP
junagadh.nic.in,WP
kachchh.nic.in,WP
kadapa.nic.in,WP
www.kadapa.nic.in,WP
kakching.nic.in,WP
kalaburagi.nic.in,WP
kamjong.nic.in,WP
kancheepuram.nic.in,WP
kandhamal.nic.in,WP
kangpokpi.nic.in,WP
va.kar.nic.in,WP
zpbelagavi.kar.nic.in,WP
www.zpbelagavi.kar.nic.in,WP
karenvis.nic.in,WP
kargil.nic.in,WP
karnataka.nic.in,WP
karur.nic.in,WP
www.karur.nic.in,WP
katihar.nic.in,WP
www.katsaycollege.nic.in,WP
kawardha.nic.in,WP
kerala.nic.in,WP
nicdsign.kerala.nic.in,WP
kerenvis.nic.in,WP
www.kerenvis.nic.in,WP
khagaria.nic.in,WP
khandwa.nic.in,WP
khargone.nic.in,WP
khunti.nic.in,WP
kiphire.nic.in,WP
kiran.nic.in,WP
www.kiran.nic.in,WP
sms.kiran.nic.in,WP
kishtwar.nic.in,WP
kndajprd.nic.in,WP
kodagu.nic.in,WP
koderma.nic.in,WP
kohima.nic.in,WP
kolasib.nic.in,WP
koppal.nic.in,WP
krishnagiri.nic.in,WP
krocmms.nic.in,WP
www.kvkwestgarohills.nic.in,WP
kvkwestkhasihills.nic.in,WP
labourcis.nic.in,WP
lakhimpur.nic.in,WP
lakshadweep.nic.in,WP
lalitpur.nic.in,WP
lawngtlai.nic.in,WP
legislativebodiesinindia.nic.in,WP
lohit.nic.in,WP
lokayuktajharkhand.nic.in,WP
loksabha.nic.in,WP
loksamvaad.nic.in,WP
longding.nic.in,WP
longleng.nic.in,WP
lowersubansiri.nic.in,WP
ludhiana.nic.in,WP
madurai.nic.in,WP
maef.nic.in,WP
www.maef.nic.in,WP
mahabubnagar.nic.in,WP
maharajganj.nic.in,WP
maharashtra.nic.in,WP
mahasim.nic.in,WP
mahesana.nic.in,WP
mahisagar.nic.in,WP
malkangiri.nic.in,WP
mamit.nic.in,WP
cmis.man.nic.in,WP
mandsaur.nic.in,WP
mandya.nic.in,WP
mangan.nic.in,Drupal
www.manipurrev.nic.in,Joomla
markfedodisha.nic.in,WP
www.mastec.nic.in,WP
mastec.nic.in,WP
meaforms.nic.in,WP
meaindia.nic.in,WP
meakabul.nic.in,WP
mealib.nic.in,WP
meaprotocol.nic.in,WP
meerutdivision.nic.in,Drupal
megbiodiversity.nic.in,Drupal
agepayslip.megonline.nic.in,Drupal
megpbr.nic.in,Drupal
megsres.nic.in,WP
memberls.nic.in,WP
mgnrega.nic.in,Drupal
mnregaweb3.nic.in,WP
mnregaweb5.nic.in,WP
mobileappshp.nic.in,Drupal
mod.nic.in,Drupal
moef.nic.in,WP
www.moil.nic.in,WP
www.mokokchung.nic.in,WP
mokokchung.nic.in,WP
mpsc.mp.nic.in,Drupal
www.mprenewable.nic.in,WP
mpswc.nic.in,Drupal
msmeindore.nic.in,WP
msrls.nic.in,WP
mssat.nic.in,WP
www.mssds.nic.in,WP
muktsar.nic.in,WP
mumbaicity.nic.in,WP
muzaffarnagar.nic.in,Drupal
muzaffarpur.nic.in,Drupal
mydiaryhp.nic.in,WP
mysuru.nic.in,WP
mzfeast.nic.in,WP
www.nacwc.nic.in,WP
nacwc.nic.in,Drupal
nadfm.nic.in,WP
www.nadfm.nic.in,WP
nagaland.nic.in,WP
nagalandtax.nic.in,WP
www.nagapattinam.nic.in,WP
nagarnigamraipur.nic.in,WP
nagpur.nic.in,WP
namakkal.nic.in,WP
namchi.nic.in,WP
namsai.nic.in,WP
nanded.nic.in,WP
narmadapuram.nic.in,WP
nbrienvis.nic.in,Drupal
www.nbrienvis.nic.in,Drupal
ncdrc.nic.in,WP
ncds.nic.in,Drupal
ncf.nic.in,Drupal
www.ncm.nic.in,Drupal
ncrpb.nic.in,Drupal
www.ncrpb.nic.in,Drupal
www.ncsk.nic.in,WP
ncsk.nic.in,Drupal
neiah.nic.in,Joomla
www.nfscnagpur.nic.in,Drupal
ngc.nic.in,Drupal
ngtonline.nic.in,WP
www.nhrc.nic.in,WP
nia.nic.in,WP
esign2gateway.nic.in,WP
nicchandigarh.nic.in,WP
nicharyana.nic.in,WP
nichimachal.nic.in,WP
nih.nic.in,WP
nilgiris.nic.in,Drupal
niohenvis.nic.in,WP
niohkol.nic.in,WP
www.niohkol.nic.in,WP
www.svnirtar.nic.in,Drupal
niwari.nic.in,WP
nizamabad.nic.in,Drupal
nmanoc.nic.in,Drupal
nmcg.nic.in,WP
www.nmcg.nic.in,WP
nmpb.nic.in,WP
noklak.nic.in,WP
nregaplus.nic.in,Drupal
nregarep1.nic.in,Drupal
www.nskfdc.nic.in,WP
www.nsmahavidyalaya.nic.in,WP
nsrtc.nic.in,WP
www.aiapget.nta.nic.in,WP
aissee.nta.nic.in,WP
arpit.nta.nic.in,WP
cmat.nta.nic.in,WP
cuet.nta.nic.in,WP
pdapahalgam.nic.in,WP
odcl.nic.in,WP
training.odisha.nic.in,Drupal
odisharevenueservices.nic.in,WP
odocmms.nic.in,WP
okh.nic.in,Drupal
online.omms.nic.in,Drupal
www.orienvis.nic.in,WP
www.orissahighcourt.nic.in,Drupal
www.orissaresults.nic.in,WP
oscps.nic.in,WP
ossc.nic.in,WP
ossc1.nic.in,WP
ostt.nic.in,WP
owssb.nic.in,WP
ozone30mp.nic.in,WP
pakur.nic.in,WP
pakyongdistrict.nic.in,WP
parliamentlibraryindia.nic.in,WP
parliamentofindia.nic.in,WP
partialfunding.nic.in,WP
patan.nic.in,WP
pathankot.nic.in,WP
patnitop.nic.in,WP
pbsc.nic.in,WP
perambalur.nic.in,WP
district.nic.in,WP
persmin.nic.in,WP
pfms.nic.in,Drupal
pmonradio.nic.in,WP
ppcbcems.nic.in,WP
pragati.nic.in,WP
www.prakasam.nic.in,WP
prakasam.nic.in,WP
presidentofindia.nic.in,WP
prmmch.nic.in,WP
www.publicationsdivision.nic.in,WP
pune.nic.in,WP
punenvis.nic.in,WP
www.punjabassembly.nic.in,WP
puripolice.nic.in,WP
purnea.nic.in,WP
purulia.nic.in,WP
pwdmanipur.nic.in,WP
py.nic.in,WP
raichur.nic.in,WP
raigad.nic.in,WP
www.rajbhasha.nic.in,WP
www.rajsmsa.nic.in,WP
rajsmsa.nic.in,WP
www.rajswasthya.nic.in,WP
cms.rajyasabha.nic.in,WP
ramgarh.nic.in,WP
www.rangareddy.nic.in,WP
ranipet.nic.in,WP
helpline.rb.nic.in,WP
rciregistration.nic.in,WP
rcsjk.nic.in,WP
repmismoef.nic.in,WP
republicday.nic.in,WP
rkvy.nic.in,WP
rrcpongdam.nic.in,WP
rupnagar.nic.in,WP
dashboard.rural.nic.in,Joomla
ruralsoft.nic.in,WP
rusameghalaya.nic.in,WP
sabarkantha.nic.in,WP
saccess.nic.in,WP
sagar.nic.in,WP
sainikschoolpunglwa.nic.in,WP
salem.nic.in,WP
samagrashikshajk.nic.in,WP
www.samagrashikshajk.nic.in,WP
samastipur.nic.in,WP
sangli.nic.in,WP
sangrur.nic.in,WP
sansadtv.nic.in,WP
www.sanskrit.nic.in,WP
sasnagar.nic.in,WP
sblibrary.nic.in,WP
scbdental.nic.in,WP
main.sci.nic.in,Drupal
scourtapp.nic.in,WP
sechimachal.nic.in,WP
secjharkhand.nic.in,WP
secjk.nic.in,WP
secmanipur.nic.in,WP
secure.nic.in,WP
sehore.nic.in,WP
www.senapati.nic.in,WP
senapati.nic.in,WP
serchhip.nic.in,Drupal
serimanipur.nic.in,WP
servicedesk.nic.in,WP
sezindia.nic.in,WP
www.sezindia.nic.in,WP
sfcassam.nic.in,WP
sfio.nic.in,WP
shahdoldivisionmp.nic.in,WP
sheepjammu.nic.in,WP
sheikhpura.nic.in,WP
sheopur.nic.in,WP
www.shipbuilding.nic.in,WP
shivpuri.nic.in,WP
shiyomi.nic.in,WP
shravasti.nic.in,WP
siaet.nic.in,WP
sikkimfire.nic.in,WP
www.sikkimfire.nic.in,WP
sikkimpolice.nic.in,Drupal
simdega.nic.in,WP
singrauli.nic.in,WP
sip.nic.in,WP
sjsv.nic.in,WP
sknagar.nic.in,WP
www.slbcap.nic.in,Drupal
slbcne.nic.in,WP
www.slsagoa.nic.in,WP
slsagoa.nic.in,WP
smcsambalpur.nic.in,WP
sohragovernmentcollege.nic.in,WP
sonbhadra.nic.in,WP
ssdma.nic.in,Drupal
subarnapur.nic.in,WP
sulabhenvis.nic.in,WP
www.sulabhenvis.nic.in,WP
supremo.nic.in,Drupal
surendranagar.nic.in,WP
svnirtar.nic.in,WP
admission.svnirtar.nic.in,WP
tamilnadupost.nic.in,WP
tarntaran.nic.in,WP
tbcindia.nic.in,WP
tehri.nic.in,Drupal
telanganasainik.nic.in,Drupal
fasgurukulam.tg.nic.in,WP
horticulture.tg.nic.in,WP
www.thanjavur.nic.in,WP
thc.nic.in,WP
www.thc.nic.in,WP
www.thoubal.nic.in,WP
thrissur.nic.in,WP
www.tigernet.nic.in,WP
tikamgarh.nic.in,WP
ner.nic.in,WP
tiruchirappalli.nic.in,WP
www.tirunelveli.nic.in,WP
tirunelveli.nic.in,WP
tirupathur.nic.in,WP
tiruppur.nic.in,WP
tiruvarur.nic.in,WP
tmc.nic.in,WP
www.drt1chennai.tn.nic.in,WP
erode.tn.nic.in,WP
kanyakumari.tn.nic.in,WP
madurai.tn.nic.in,WP
tiruvarur.tn.nic.in,WP
www.tnenvis.nic.in,WP
tripuraassembly.nic.in,WP
www.tripuraresults.nic.in,WP
tspasibhopal.nic.in,WP
www.tsvu.nic.in,WP
tumkur.nic.in,WP
ucanjharkhand.nic.in,WP
ucil.nic.in,WP
uddngl.nic.in,WP
ujjaindivisionmp.nic.in,WP
ukhrul.nic.in,WP
ukocmms.nic.in,WP
urbandevelopment.up.nic.in,WP
vaad.up.nic.in,WP
uppersiang.nic.in,Drupal
uppersubansiri.nic.in,Drupal
www.upvidhanparishad.nic.in,WP
upvidhanparishad.nic.in,WP
urducouncilonline.nic.in,WP
usnagar.nic.in,WP
utl.nic.in,WP
utrenvis.nic.in,WP
uttara.nic.in,WP
uttarakannada.nic.in,WP
uttarkashi.nic.in,WP
vadodara.nic.in,Drupal
valsad.nic.in,Drupal
vetymanipur.nic.in,WP
www.vidcon.nic.in,WP
vidcon.nic.in,WP
vidisha.nic.in,WP
vidyawaan.nic.in,WP
vijayanagara.nic.in,WP
vijayapura.nic.in,WP
viluppuram.nic.in,WP
virudhunagar.nic.in,WP
visakhapatnam.nic.in,WP
vizianagaram.nic.in,WP
icps.nic.in,WP
www.weathershimla.nic.in,WP
wedselfie.nic.in,WP
westsiang.nic.in,WP
woolboard.nic.in,WP
wptripura.nic.in,WP
www.wptripura.nic.in,Drupal
wwfenvis.nic.in,WP
yadgir.nic.in,WP
yogamdniy.nic.in,WP
cse.ap.gov.in,WP
sssc.uk.gov.in,Drupal
bwssb.gov.in,WP
bigrs.telangana.gov.in,WP
dsefrs.telangana.gov.in,WP
dff.nic.in,WP
214.199.103.rcil.gov.in,Drupal
archive.india.gov.in,WP
